Row_ID,Order_ID,Order_Date,Ship_Date,Customer_Name,Segment,City,Category,Product_Name,Sales,Quantity,Discount,Profit
1,ORD00001,29-10-2024,05-11-2024,Karina Gibson,Corporate,Mumbai,Fashion,Beyond Grocery,7303.9,2,0.35,-470.16
2,ORD00002,19-07-2025,20-07-2025,Curtis Chen,Consumer,Mumbai,Grocery,Find Furniture,3434.97,3,0.13,-236.44
3,ORD00003,02-05-2026,09-05-2026,Carolyn Rice,Home Office,Bangalore,Grocery,Environment Beauty,6976.93,6,0.11,2278.63
4,ORD00004,19-11-2024,20-11-2024,Erica Washington,Consumer,Mumbai,Fashion,Relate Fashion,4873.33,6,0.45,802.78
5,ORD00005,26-09-2025,30-09-2025,Alexis Estrada,Home Office,Delhi,Furniture,Push Furniture,6029.57,3,0.4,85.03
6,ORD00006,17-08-2024,23-08-2024,Jasmin Valencia,Home Office,Hyderabad,Grocery,Another Furniture,8169.01,6,0.39,1815.78
7,ORD00007,21-01-2025,27-01-2025,Brandon Avila,Corporate,Mumbai,Fashion,Center Fashion,1006.89,9,0.21,240.83
8,ORD00008,07-10-2024,14-10-2024,Gary Perez,Corporate,Hyderabad,Furniture,Difficult Fashion,9303.64,10,0.21,2586.77
9,ORD00009,28-12-2025,04-01-2026,Jason Burton,Consumer,Delhi,Beauty,Research Furniture,9417.53,4,0.05,2391.6
10,ORD00010,27-05-2024,01-06-2024,Daniel Shepherd,Home Office,Chennai,Furniture,Study Electronics,7684.37,6,0.07,-1322.23
11,ORD00011,10-02-2026,14-02-2026,Dr. Hector White,Corporate,Mumbai,Grocery,Set Grocery,300.34,9,0.47,24.15
12,ORD00012,09-08-2024,13-08-2024,Danielle Wilkinson,Corporate,Chennai,Fashion,This Furniture,5258.16,10,0.09,1244.98
13,ORD00013,17-04-2025,21-04-2025,Jessica Thomas,Consumer,Delhi,Grocery,Sport Beauty,4480.43,8,0.16,-530.5
14,ORD00014,21-05-2024,23-05-2024,Justin Sullivan,Corporate,Pune,Fashion,Pick Fashion,4744.6,9,0.03,442.65
15,ORD00015,06-04-2025,12-04-2025,Ms. Veronica Bailey,Home Office,Mumbai,Beauty,Woman Furniture,302.77,10,0.49,76.02
16,ORD00016,02-11-2025,05-11-2025,Janet Lee,Home Office,Hyderabad,Beauty,When Furniture,880.29,10,0.03,179.65
17,ORD00017,31-03-2026,04-04-2026,Andrew Jenkins,Corporate,Delhi,Fashion,Help Electronics,2402.65,4,0.28,655.13
18,ORD00018,18-04-2025,19-04-2025,Laura Trujillo,Consumer,Bangalore,Beauty,Congress Grocery,8949.87,3,0.29,943.76
19,ORD00019,18-10-2024,21-10-2024,Brianna Ayala,Corporate,Delhi,Beauty,Possible Electronics,2835.26,2,0.13,-443.79
20,ORD00020,06-08-2024,10-08-2024,Gregory Howard,Corporate,Chennai,Furniture,Fish Electronics,6401.36,7,0.37,-493.5
21,ORD00021,25-03-2026,27-03-2026,Ashley Young,Corporate,Chennai,Fashion,Product Grocery,4133.16,6,0.24,938.07
22,ORD00022,03-04-2026,10-04-2026,Kelly Brown,Corporate,Chennai,Grocery,Half Furniture,7291.99,10,0.33,138
23,ORD00023,06-11-2024,11-11-2024,Mrs. Aimee Howard,Consumer,Pune,Beauty,Ready Electronics,911.21,5,0,21.31
24,ORD00024,30-12-2025,05-01-2026,Monica Harrison,Consumer,Pune,Beauty,Century Beauty,2682.41,8,0.31,282.32
25,ORD00025,09-01-2026,16-01-2026,Angela Wong,Consumer,Mumbai,Furniture,Number Grocery,9056.32,5,0.36,-258.62
26,ORD00026,05-05-2026,11-05-2026,Christina Shaw DVM,Corporate,Hyderabad,Fashion,Both Furniture,1691.05,10,0.41,41.06
27,ORD00027,21-05-2024,22-05-2024,John Cunningham,Corporate,Delhi,Fashion,Arm Fashion,7390.2,10,0.48,1186.33
28,ORD00028,15-03-2026,18-03-2026,Carla Singleton,Corporate,Chennai,Fashion,Federal Electronics,9766.57,6,0.01,3061.86
29,ORD00029,27-09-2024,30-09-2024,Derek Ochoa,Corporate,Pune,Grocery,Sea Fashion,808.7,6,0.23,161.08
30,ORD00030,18-06-2025,24-06-2025,Danielle Williams,Home Office,Bangalore,Beauty,Follow Electronics,4572.95,8,0.24,605.72
31,ORD00031,26-07-2024,31-07-2024,Cesar Ware,Home Office,Delhi,Fashion,Poor Beauty,6947.43,7,0.02,541.98
32,ORD00032,18-02-2026,19-02-2026,Phillip Yates,Consumer,Hyderabad,Electronics,Heart Fashion,1054.29,10,0.06,129.65
33,ORD00033,10-09-2024,16-09-2024,Melissa Cohen,Home Office,Hyderabad,Beauty,Treatment Electronics,7933.62,2,0.19,1879.18
34,ORD00034,06-08-2024,12-08-2024,Clinton Lang,Consumer,Pune,Beauty,Control Furniture,6464.67,5,0.19,-810.57
35,ORD00035,18-04-2026,25-04-2026,Bethany Garner,Home Office,Mumbai,Beauty,Important Furniture,448.23,6,0.4,96.59
36,ORD00036,25-08-2024,30-08-2024,Mr. Gregory Gonzalez,Consumer,Pune,Electronics,Customer Grocery,3935.57,10,0.4,-680.87
37,ORD00037,15-12-2025,19-12-2025,Rachael Hunter,Home Office,Chennai,Beauty,Early Fashion,5851.42,10,0.22,-175.58
38,ORD00038,20-02-2026,25-02-2026,Patty Roberts,Corporate,Chennai,Electronics,Everything Beauty,8429.9,1,0.29,-1634.99
39,ORD00039,10-10-2024,11-10-2024,Ryan Burke,Corporate,Pune,Fashion,Season Grocery,5284.43,7,0.37,-658.48
40,ORD00040,27-08-2025,02-09-2025,Erika Johnson,Corporate,Bangalore,Fashion,Operation Grocery,775.6,5,0.38,78.4
41,ORD00041,17-04-2025,22-04-2025,Miss Julie Oliver,Corporate,Delhi,Furniture,Level Grocery,7601.18,10,0.07,1115.3
42,ORD00042,13-05-2024,17-05-2024,Jessica Martin,Corporate,Pune,Fashion,Catch Fashion,9223.07,2,0.1,907.95
43,ORD00043,16-09-2025,18-09-2025,Teresa Campbell,Consumer,Mumbai,Beauty,Year Furniture,6140.93,6,0.08,1258.76
44,ORD00044,10-06-2025,15-06-2025,Mr. Todd Wise,Home Office,Hyderabad,Grocery,Raise Electronics,4451.67,6,0.09,958.59
45,ORD00045,03-07-2024,09-07-2024,Nathan Harrison,Corporate,Chennai,Electronics,Stock Furniture,2316.14,2,0.4,275.62
46,ORD00046,10-06-2024,17-06-2024,Mary Payne,Home Office,Pune,Electronics,Trial Grocery,2895.07,6,0.3,-410.78
47,ORD00047,12-08-2025,15-08-2025,Stacey Miller,Corporate,Bangalore,Furniture,Bill Grocery,9770.29,3,0.31,-780.72
48,ORD00048,12-05-2024,19-05-2024,George Wilson,Consumer,Delhi,Grocery,Choose Furniture,2522.36,6,0.22,10.88
49,ORD00049,13-07-2025,14-07-2025,John Bell,Consumer,Delhi,Fashion,Special Furniture,2923.69,6,0.35,966.3
50,ORD00050,19-11-2025,25-11-2025,William Hall,Home Office,Hyderabad,Grocery,Machine Electronics,1093.23,4,0.18,-197.71
51,ORD00051,09-07-2025,13-07-2025,Candice Schwartz,Corporate,Pune,Grocery,Pretty Fashion,5211.55,1,0.02,678.51
52,ORD00052,17-04-2025,23-04-2025,Carol Taylor,Home Office,Chennai,Furniture,Play Electronics,4358.81,10,0.09,81.04
53,ORD00053,11-07-2025,12-07-2025,Christopher Drake,Corporate,Hyderabad,Electronics,These Fashion,6500.53,3,0.18,-958.85
54,ORD00054,13-10-2024,17-10-2024,Brittany Adams,Corporate,Delhi,Electronics,Necessary Grocery,1778.79,6,0.44,489.2
55,ORD00055,18-02-2026,19-02-2026,Casey Hodges,Consumer,Bangalore,Furniture,Another Fashion,1244.05,6,0.21,240.25
56,ORD00056,27-03-2026,01-04-2026,James Madden,Consumer,Bangalore,Beauty,Lot Furniture,6847.37,1,0.46,-605.42
57,ORD00057,22-08-2024,25-08-2024,Regina Burns,Home Office,Delhi,Furniture,Accept Grocery,3823.48,1,0.24,-645.72
58,ORD00058,13-03-2025,15-03-2025,Curtis Thompson,Corporate,Pune,Furniture,Reveal Fashion,8253.59,9,0.28,-1441.78
59,ORD00059,17-04-2026,18-04-2026,Michelle Allen,Consumer,Delhi,Furniture,Low Beauty,105.7,3,0.03,31.23
60,ORD00060,08-08-2025,11-08-2025,Ronald Dean,Home Office,Delhi,Furniture,Who Electronics,9310.14,5,0.28,1826.22
61,ORD00061,06-02-2026,08-02-2026,Marissa Austin,Consumer,Delhi,Electronics,Enough Fashion,6994.71,5,0.13,1459
62,ORD00062,10-07-2025,16-07-2025,William Ingram,Corporate,Chennai,Fashion,Drive Beauty,5454.97,4,0.09,-825.71
63,ORD00063,14-01-2025,15-01-2025,Eric Martinez,Consumer,Delhi,Furniture,State Furniture,6015.12,5,0.21,1114.09
64,ORD00064,25-09-2024,29-09-2024,Ashley Simpson,Home Office,Mumbai,Grocery,Learn Electronics,4965.82,8,0.3,595.26
65,ORD00065,18-09-2025,25-09-2025,Kendra Hernandez,Home Office,Hyderabad,Electronics,Second Furniture,6793.21,2,0.43,939.03
66,ORD00066,25-03-2025,28-03-2025,Brent Krueger,Corporate,Chennai,Beauty,Pay Beauty,4664.75,1,0.1,-903.27
67,ORD00067,16-01-2025,21-01-2025,Kevin Yang,Consumer,Hyderabad,Furniture,Various Grocery,9341.9,2,0.36,2053.64
68,ORD00068,03-12-2025,10-12-2025,Dennis Martinez,Consumer,Chennai,Electronics,Must Grocery,1896.29,7,0.39,353.39
69,ORD00069,19-12-2025,22-12-2025,Mr. Ronnie Garner,Corporate,Chennai,Beauty,Hold Furniture,9327.29,2,0.3,318.74
70,ORD00070,14-09-2024,17-09-2024,Jacqueline Galvan,Consumer,Pune,Beauty,Image Furniture,3302.28,9,0.08,-462.11
71,ORD00071,14-02-2025,15-02-2025,Cynthia Perkins,Corporate,Bangalore,Beauty,Decade Electronics,2279.22,4,0.41,378.18
72,ORD00072,10-09-2025,16-09-2025,Lisa Ochoa,Corporate,Mumbai,Electronics,Road Beauty,7476.97,6,0.29,1216.55
73,ORD00073,25-01-2025,30-01-2025,Erika Olsen,Home Office,Pune,Beauty,Mrs Grocery,1716.56,10,0,252.28
74,ORD00074,27-03-2025,28-03-2025,Robert Mccullough,Home Office,Hyderabad,Furniture,Once Electronics,4880.97,6,0.32,-515.13
75,ORD00075,12-10-2024,18-10-2024,Richard Bolton,Home Office,Delhi,Fashion,Something Fashion,492.23,7,0.31,130.97
76,ORD00076,22-02-2025,24-02-2025,Emily Adams,Home Office,Chennai,Fashion,Win Electronics,9774.7,6,0.39,-979.33
77,ORD00077,06-04-2026,13-04-2026,Michael Ashley,Consumer,Chennai,Fashion,Brother Furniture,2754.9,3,0.05,-422.52
78,ORD00078,16-12-2025,17-12-2025,Francisco Rush,Corporate,Pune,Grocery,Already Fashion,4718.31,10,0.29,-603.01
79,ORD00079,06-05-2024,09-05-2024,Luke Walters,Home Office,Bangalore,Grocery,Half Grocery,9475.61,6,0.08,-1209.52
80,ORD00080,13-01-2026,16-01-2026,Adam Owens,Home Office,Mumbai,Beauty,Some Furniture,6839.65,6,0.11,1237.11
81,ORD00081,07-01-2026,13-01-2026,Stacy Burton,Consumer,Delhi,Furniture,Skin Grocery,413.94,4,0.46,37.83
82,ORD00082,10-08-2025,12-08-2025,Christy Schroeder,Home Office,Pune,Fashion,Science Fashion,2053.52,10,0.1,-322.52
83,ORD00083,18-04-2026,21-04-2026,Steve Bonilla,Home Office,Delhi,Fashion,The Grocery,7176.68,6,0.01,-997.57
84,ORD00084,31-12-2025,06-01-2026,Joshua Oconnor,Home Office,Bangalore,Electronics,Low Furniture,2262.48,3,0.46,736.9
85,ORD00085,09-07-2024,14-07-2024,Megan Cochran,Consumer,Pune,Furniture,Administration Electronics,7306.53,4,0.12,395.65
86,ORD00086,11-09-2025,15-09-2025,Alyssa Olson,Home Office,Mumbai,Electronics,Industry Fashion,7659.64,1,0.38,1400.14
87,ORD00087,02-02-2025,07-02-2025,Amy Hamilton,Consumer,Bangalore,Grocery,Ever Grocery,9035.37,1,0.02,3029.97
88,ORD00088,05-08-2024,08-08-2024,Phillip Jones,Consumer,Bangalore,Beauty,Drive Grocery,2693.92,10,0.17,253.66
89,ORD00089,15-03-2026,20-03-2026,Ian Schultz,Corporate,Pune,Beauty,Brother Electronics,3431.1,1,0.11,552.46
90,ORD00090,22-12-2024,25-12-2024,Shane Hansen,Consumer,Chennai,Beauty,Likely Beauty,2616.55,6,0.46,-388.95
91,ORD00091,10-05-2025,16-05-2025,Scott Ortega,Home Office,Chennai,Grocery,Church Beauty,1630.19,9,0.38,105.58
92,ORD00092,13-02-2026,19-02-2026,Diana Williams,Corporate,Pune,Fashion,Maintain Beauty,4381.53,1,0.08,337.3
93,ORD00093,30-08-2025,03-09-2025,Anthony Fleming,Corporate,Delhi,Beauty,Majority Beauty,1439.17,1,0.41,150.1
94,ORD00094,31-05-2025,06-06-2025,Chad Mcknight,Consumer,Pune,Grocery,Toward Furniture,4298.62,8,0.47,-309.66
95,ORD00095,08-04-2026,09-04-2026,Alicia Kent,Home Office,Hyderabad,Fashion,Her Fashion,6938.34,9,0.26,473.88
96,ORD00096,21-03-2026,26-03-2026,Randall Parker,Home Office,Pune,Beauty,At Furniture,8137.13,10,0.46,2546.27
97,ORD00097,03-06-2024,09-06-2024,Denise Smith,Home Office,Pune,Fashion,Specific Beauty,2255.95,1,0.01,-221.56
98,ORD00098,31-01-2026,05-02-2026,Sara Johnson,Home Office,Hyderabad,Electronics,Reason Fashion,9989.1,10,0.19,-1275.24
99,ORD00099,08-12-2024,11-12-2024,Diane Farmer,Home Office,Delhi,Beauty,Blue Grocery,5598.19,7,0.45,308.12
100,ORD00100,30-09-2024,06-10-2024,Jessica Monroe,Corporate,Pune,Furniture,Choose Furniture,7723.41,9,0.24,-1394.67
101,ORD00101,10-04-2025,17-04-2025,Emily Randall,Corporate,Hyderabad,Furniture,Draw Beauty,6377.49,8,0.31,1412.09
102,ORD00102,26-09-2025,02-10-2025,Anthony Newton,Home Office,Mumbai,Beauty,Wrong Grocery,5532.77,9,0.32,1722.79
103,ORD00103,10-06-2025,15-06-2025,Laura Stephenson,Corporate,Hyderabad,Fashion,Tell Beauty,6768.18,6,0.28,-883.94
104,ORD00104,19-11-2024,25-11-2024,Lisa Erickson,Home Office,Bangalore,Beauty,There Electronics,6113.29,4,0.16,408.91
105,ORD00105,26-12-2024,30-12-2024,Krystal Gamble,Corporate,Delhi,Electronics,Adult Beauty,9485.45,8,0.09,187.74
106,ORD00106,06-07-2024,13-07-2024,Alexis Rivera,Home Office,Mumbai,Fashion,Question Furniture,8241.83,5,0.37,1310.82
107,ORD00107,23-12-2024,30-12-2024,Joseph Bowman,Home Office,Bangalore,Grocery,Morning Beauty,6294.72,1,0.15,610.58
108,ORD00108,23-11-2024,30-11-2024,Michael Garcia,Consumer,Pune,Grocery,Picture Electronics,3688.03,1,0.17,-333.79
109,ORD00109,13-05-2025,14-05-2025,Tina Knight,Corporate,Bangalore,Fashion,East Electronics,9464.07,8,0.43,681.06
110,ORD00110,02-02-2025,08-02-2025,Danny Snyder,Home Office,Pune,Fashion,Arrive Electronics,1629.76,5,0.11,554.37
111,ORD00111,06-09-2025,11-09-2025,Stephanie Johnson,Consumer,Hyderabad,Electronics,Reduce Grocery,7861.41,1,0.19,1120.27
112,ORD00112,01-05-2026,08-05-2026,Tina Robinson,Consumer,Bangalore,Beauty,All Grocery,4433.46,9,0.45,1187.32
113,ORD00113,30-07-2024,02-08-2024,Karen Williams,Consumer,Bangalore,Electronics,Employee Electronics,4729.57,3,0.12,-301.03
114,ORD00114,18-01-2026,22-01-2026,Sarah Cooper,Consumer,Bangalore,Electronics,Summer Grocery,8161.86,5,0.06,2735.5
115,ORD00115,18-01-2025,22-01-2025,Marco Ortiz,Corporate,Pune,Electronics,Democratic Furniture,3161.94,8,0.18,168.93
116,ORD00116,08-02-2025,11-02-2025,Claire Franklin,Consumer,Chennai,Electronics,Minute Electronics,5613.57,5,0.3,-150.42
117,ORD00117,24-08-2025,27-08-2025,Joseph Mason,Corporate,Hyderabad,Furniture,International Furniture,9384.25,3,0.13,-1706.82
118,ORD00118,10-12-2025,15-12-2025,Katelyn Thompson,Consumer,Hyderabad,Electronics,Material Electronics,4926.25,4,0.39,1535.8
119,ORD00119,01-04-2025,03-04-2025,Karina Fox,Consumer,Hyderabad,Fashion,Thought Beauty,2857.42,9,0.14,372.01
120,ORD00120,15-06-2025,18-06-2025,Eric Lucas,Consumer,Pune,Electronics,Federal Beauty,7339.79,7,0.31,-41.19
121,ORD00121,26-02-2025,05-03-2025,Joseph Perez,Consumer,Pune,Furniture,Bed Furniture,8826.23,6,0.18,-949.73
122,ORD00122,13-10-2024,17-10-2024,Laura Cox,Corporate,Hyderabad,Fashion,Help Electronics,9523.1,2,0.28,247.42
123,ORD00123,02-06-2025,06-06-2025,Robert Pratt,Home Office,Delhi,Furniture,Performance Beauty,4483.92,1,0.09,375.6
124,ORD00124,19-12-2025,24-12-2025,Sandra Richards,Corporate,Chennai,Beauty,Institution Furniture,5525.73,1,0.48,1070.39
125,ORD00125,07-05-2024,13-05-2024,Emily Scott,Corporate,Delhi,Grocery,Site Grocery,3433.06,4,0.17,-606.19
126,ORD00126,26-07-2024,01-08-2024,Mrs. Julia Whitehead,Consumer,Delhi,Electronics,Store Fashion,6122.12,4,0.18,377.34
127,ORD00127,13-11-2024,17-11-2024,Tina White,Corporate,Hyderabad,Beauty,Quite Furniture,7615.38,4,0.04,1835.48
128,ORD00128,17-04-2025,19-04-2025,Melissa Ho,Home Office,Pune,Beauty,Act Electronics,2801.17,4,0.21,-163.05
129,ORD00129,18-01-2025,21-01-2025,Troy Tanner,Home Office,Chennai,Beauty,Citizen Beauty,2656.02,6,0.04,263.15
130,ORD00130,16-07-2024,17-07-2024,Katrina Jones,Corporate,Delhi,Fashion,Law Fashion,3888.38,10,0.4,496.53
131,ORD00131,25-07-2025,29-07-2025,Robert Lee,Corporate,Delhi,Electronics,Girl Electronics,1529.69,9,0.3,-209.04
132,ORD00132,21-07-2025,27-07-2025,Julie Mejia,Consumer,Chennai,Beauty,Skin Beauty,9021.56,5,0.14,377.17
133,ORD00133,22-09-2024,26-09-2024,Joshua Shaw,Home Office,Bangalore,Grocery,Tell Furniture,6339.69,5,0.37,966.17
134,ORD00134,19-01-2026,20-01-2026,Jason Roberson,Corporate,Delhi,Electronics,Somebody Beauty,804.93,8,0.05,194.69
135,ORD00135,14-04-2026,18-04-2026,David Fuller,Consumer,Pune,Beauty,Yourself Fashion,3425.43,2,0.2,676.15
136,ORD00136,18-10-2025,22-10-2025,Yolanda House,Consumer,Pune,Furniture,Office Furniture,9652.94,9,0.46,2163.23
137,ORD00137,25-02-2026,01-03-2026,John Jones,Corporate,Hyderabad,Furniture,Firm Beauty,4301.12,10,0.48,1408.8
138,ORD00138,13-03-2026,14-03-2026,Joseph Long,Corporate,Chennai,Grocery,Poor Fashion,9905.64,5,0.09,942.27
139,ORD00139,17-02-2025,22-02-2025,Karen Moore,Consumer,Delhi,Furniture,If Grocery,8161.85,9,0.42,-1416.62
140,ORD00140,24-03-2025,25-03-2025,Christine Garcia,Consumer,Delhi,Beauty,History Furniture,2205.31,2,0.25,485.84
141,ORD00141,08-09-2025,11-09-2025,Joseph May,Corporate,Bangalore,Grocery,Apply Fashion,3580.25,6,0.13,-430.25
142,ORD00142,25-09-2024,02-10-2024,Julie Miller,Corporate,Bangalore,Furniture,Yard Furniture,7733.78,6,0.22,-118.93
143,ORD00143,29-08-2025,05-09-2025,Rachel Anderson,Home Office,Chennai,Grocery,Character Electronics,8214.78,5,0.49,-672.1
144,ORD00144,14-06-2025,17-06-2025,Laurie Hernandez,Home Office,Hyderabad,Furniture,Center Fashion,5467.21,1,0.25,1205.46
145,ORD00145,01-02-2026,08-02-2026,Jennifer Robertson,Consumer,Delhi,Beauty,Else Beauty,9106.36,6,0.44,985.43
146,ORD00146,30-07-2025,31-07-2025,Christina Adams,Home Office,Mumbai,Electronics,Article Beauty,3493.21,4,0.31,1141.38
147,ORD00147,09-11-2024,10-11-2024,Cynthia Mclaughlin,Home Office,Pune,Beauty,Day Grocery,6362.38,9,0.07,-45.62
148,ORD00148,24-09-2024,25-09-2024,Brandon Ray,Corporate,Hyderabad,Beauty,Challenge Fashion,9631.28,10,0.48,-530.14
149,ORD00149,22-10-2025,29-10-2025,Justin Boyd,Consumer,Delhi,Furniture,Congress Grocery,7445.5,8,0.16,-10.64
150,ORD00150,13-12-2025,19-12-2025,Antonio Solis,Corporate,Chennai,Fashion,Wish Furniture,6875.09,9,0.21,1175.03
151,ORD00151,05-10-2025,10-10-2025,Brendan Duncan,Home Office,Mumbai,Electronics,Middle Grocery,8196.72,9,0.18,1839.36
152,ORD00152,09-07-2024,16-07-2024,Shannon Alvarez,Home Office,Pune,Furniture,Yeah Furniture,2936.91,3,0.12,434.28
153,ORD00153,02-05-2026,09-05-2026,Sherry Johnson,Corporate,Pune,Beauty,Factor Grocery,1074.23,1,0.3,200.22
154,ORD00154,10-08-2024,14-08-2024,Jamie Torres,Home Office,Delhi,Fashion,Technology Electronics,6567.72,6,0.18,1484.78
155,ORD00155,06-11-2024,08-11-2024,Charlene Smith,Consumer,Bangalore,Electronics,College Electronics,566.95,4,0.18,-109.01
156,ORD00156,16-08-2024,18-08-2024,Taylor Alexander,Home Office,Mumbai,Electronics,Range Electronics,9733.83,10,0.34,-847.13
157,ORD00157,10-04-2026,17-04-2026,David Lang,Corporate,Bangalore,Electronics,Base Grocery,854.16,8,0.34,80.7
158,ORD00158,12-02-2026,13-02-2026,April Robinson,Consumer,Hyderabad,Electronics,Suddenly Fashion,9307.02,5,0.27,1088.13
159,ORD00159,07-06-2025,11-06-2025,Cynthia Navarro,Consumer,Delhi,Furniture,Position Furniture,8320.7,6,0.15,-1569.72
160,ORD00160,19-12-2025,20-12-2025,David Hernandez,Consumer,Delhi,Furniture,Too Furniture,4994.56,7,0.15,-736.09
161,ORD00161,16-04-2026,23-04-2026,Mrs. Carla Wright,Corporate,Mumbai,Fashion,Arm Furniture,8739.58,8,0.26,-864.57
162,ORD00162,29-04-2025,06-05-2025,Bryan Summers,Consumer,Chennai,Grocery,In Furniture,5085.15,9,0.25,-211.08
163,ORD00163,19-07-2024,25-07-2024,Amanda Smith,Corporate,Hyderabad,Grocery,Sense Furniture,8241.95,10,0.42,2476.48
164,ORD00164,24-11-2024,29-11-2024,Rodney Thomas,Corporate,Chennai,Fashion,Start Electronics,9719.11,6,0.46,-274.81
165,ORD00165,15-12-2025,17-12-2025,April Brown,Corporate,Chennai,Grocery,Low Beauty,6756.47,9,0.29,596.25
166,ORD00166,02-02-2025,04-02-2025,Robert Chen,Corporate,Delhi,Furniture,Section Grocery,2818.62,8,0.32,927.46
167,ORD00167,07-07-2025,09-07-2025,Shawn Anderson,Corporate,Pune,Beauty,Own Grocery,9845.47,9,0.42,-1813.61
168,ORD00168,09-10-2025,10-10-2025,Tanya Taylor,Home Office,Hyderabad,Fashion,Would Furniture,4029.52,2,0.12,-569.62
169,ORD00169,16-06-2024,19-06-2024,Anna Good,Home Office,Hyderabad,Grocery,Cut Beauty,4593.32,7,0.04,-316.88
170,ORD00170,14-04-2025,20-04-2025,Joseph Romero,Home Office,Mumbai,Fashion,Police Beauty,2770.06,3,0.27,-122.2
171,ORD00171,06-06-2025,13-06-2025,Michael Lee,Home Office,Delhi,Electronics,Surface Furniture,6101.65,8,0.23,-459.87
172,ORD00172,16-05-2024,20-05-2024,Eric Snyder,Home Office,Hyderabad,Fashion,Win Furniture,4269.13,9,0.07,1127.2
173,ORD00173,19-04-2026,26-04-2026,Mark Sparks,Consumer,Bangalore,Furniture,Easy Fashion,513.85,8,0.15,-20.86
174,ORD00174,13-04-2026,14-04-2026,Michael Williams,Home Office,Delhi,Grocery,Individual Furniture,4911.83,10,0.21,546.75
175,ORD00175,14-06-2024,20-06-2024,David Wise,Corporate,Hyderabad,Beauty,Road Furniture,1203.84,2,0.23,-119.44
176,ORD00176,05-04-2025,08-04-2025,Robert Garcia,Home Office,Chennai,Beauty,Whose Beauty,5447.32,9,0.17,-853.06
177,ORD00177,22-05-2025,23-05-2025,Terri Snyder,Consumer,Chennai,Furniture,Office Furniture,289.58,3,0.06,59.35
178,ORD00178,05-11-2025,09-11-2025,Gregory Young,Home Office,Delhi,Electronics,Father Grocery,9492.85,5,0.27,452.34
179,ORD00179,08-06-2024,11-06-2024,Amanda Cruz,Home Office,Chennai,Grocery,She Beauty,3608.83,4,0.22,1151.43
180,ORD00180,19-09-2024,26-09-2024,Amanda Bush,Corporate,Bangalore,Fashion,Relate Electronics,9222.43,9,0.31,991.08
181,ORD00181,14-12-2025,18-12-2025,Jennifer Fuentes,Home Office,Bangalore,Fashion,Real Grocery,4770.71,9,0.43,968.76
182,ORD00182,01-08-2025,06-08-2025,Rachel Hernandez,Home Office,Mumbai,Beauty,Force Electronics,3364.89,10,0.4,286.98
183,ORD00183,14-10-2024,15-10-2024,Jesus Thompson,Home Office,Delhi,Grocery,Happy Grocery,2221.14,4,0.01,603.85
184,ORD00184,11-05-2025,15-05-2025,Joyce Cline,Corporate,Chennai,Beauty,Raise Furniture,8085.71,6,0.04,-817.94
185,ORD00185,22-09-2024,23-09-2024,Diane Morales,Consumer,Mumbai,Electronics,Discussion Beauty,8140.47,3,0.38,1166.42
186,ORD00186,09-05-2025,16-05-2025,Jennifer Walker MD,Home Office,Delhi,Grocery,Personal Beauty,6407.68,6,0.37,1436.72
187,ORD00187,15-06-2025,22-06-2025,Nicole Parker,Consumer,Mumbai,Electronics,Line Furniture,5009.81,4,0.23,1248.73
188,ORD00188,15-08-2025,22-08-2025,Keith Hall,Corporate,Hyderabad,Furniture,While Furniture,2914.22,2,0.35,-350.23
189,ORD00189,04-04-2025,08-04-2025,Kara King,Consumer,Mumbai,Beauty,Agree Fashion,9649.25,5,0.06,2604.96
190,ORD00190,11-11-2025,15-11-2025,Dawn Brown,Corporate,Mumbai,Furniture,Save Grocery,9364.37,6,0.03,1396.59
191,ORD00191,07-04-2026,10-04-2026,Nancy Mathews,Consumer,Mumbai,Grocery,True Grocery,6970.46,7,0.35,-409.12
192,ORD00192,15-03-2025,21-03-2025,Jennifer Munoz,Consumer,Pune,Electronics,Environment Electronics,9860.33,8,0.05,1916.67
193,ORD00193,29-04-2026,03-05-2026,Miguel Valencia,Corporate,Delhi,Furniture,Over Fashion,5826.61,4,0.12,-95.85
194,ORD00194,06-01-2025,09-01-2025,Mrs. Ashley Williams MD,Home Office,Hyderabad,Fashion,Store Fashion,2926.69,1,0.02,-473.87
195,ORD00195,01-02-2025,05-02-2025,Christopher Price,Corporate,Hyderabad,Grocery,Language Electronics,119.99,10,0.42,-0.59
196,ORD00196,03-07-2024,07-07-2024,Melissa Harris,Consumer,Pune,Beauty,Smile Fashion,2578.17,7,0.41,557.35
197,ORD00197,08-05-2024,14-05-2024,Samuel Fernandez,Corporate,Hyderabad,Beauty,Community Fashion,9536.72,3,0.06,147.94
198,ORD00198,18-05-2024,21-05-2024,Ashley Day,Consumer,Hyderabad,Fashion,Project Beauty,4696.72,4,0.1,-188.15
199,ORD00199,26-01-2026,01-02-2026,John Mercado,Corporate,Pune,Electronics,Must Fashion,6684.58,10,0.1,-814.69
200,ORD00200,21-04-2025,22-04-2025,Leonard Martin,Corporate,Hyderabad,Electronics,Which Beauty,9177.98,10,0.26,594.2
201,ORD00201,02-06-2025,06-06-2025,Ryan Vance,Consumer,Bangalore,Beauty,Her Electronics,1174.51,1,0.31,60.09
202,ORD00202,23-04-2026,24-04-2026,Robert Jones,Consumer,Hyderabad,Beauty,Big Furniture,7690.69,4,0.27,201.49
203,ORD00203,29-08-2025,02-09-2025,Pamela Rangel,Consumer,Pune,Electronics,Part Beauty,767.11,4,0.44,-149.92
204,ORD00204,29-04-2026,05-05-2026,Christy Evans,Home Office,Hyderabad,Furniture,Ball Beauty,8530.04,8,0.34,1507.47
205,ORD00205,28-07-2024,30-07-2024,Jose Holmes,Home Office,Hyderabad,Furniture,Budget Beauty,553.41,3,0.43,190.21
206,ORD00206,07-06-2024,11-06-2024,Laura Sandoval,Corporate,Delhi,Grocery,Share Beauty,387.86,3,0.5,46.33
207,ORD00207,30-12-2025,05-01-2026,Jacob Baker,Home Office,Hyderabad,Grocery,Reflect Beauty,6536.74,8,0.39,511.56
208,ORD00208,26-11-2025,30-11-2025,Joshua Mays,Home Office,Chennai,Beauty,Somebody Beauty,5394.64,5,0.49,980.51
209,ORD00209,21-08-2025,27-08-2025,Katherine Archer,Home Office,Pune,Furniture,Whose Electronics,7260.52,1,0.46,-99.17
210,ORD00210,28-01-2026,01-02-2026,Kenneth Eaton,Home Office,Chennai,Grocery,Head Electronics,2547.18,9,0.46,104.87
211,ORD00211,30-05-2024,01-06-2024,Diana Mcintyre,Home Office,Pune,Fashion,Day Fashion,9464.7,8,0.05,2650.49
212,ORD00212,25-11-2025,30-11-2025,Susan Roberson,Home Office,Chennai,Fashion,Them Electronics,7549.99,9,0.11,844.04
213,ORD00213,03-10-2024,08-10-2024,Charles Martin,Corporate,Mumbai,Electronics,Kid Beauty,4845.46,2,0.18,-757.6
214,ORD00214,07-07-2025,09-07-2025,Maria Ray,Corporate,Delhi,Fashion,Statement Grocery,5681.02,1,0.21,52.69
215,ORD00215,01-12-2025,06-12-2025,Julie Clark,Home Office,Mumbai,Fashion,Exist Fashion,1021.09,4,0.31,-65.38
216,ORD00216,06-08-2024,13-08-2024,Eugene Haley,Consumer,Chennai,Beauty,Teacher Grocery,7722.37,9,0.02,-462.66
217,ORD00217,06-11-2024,10-11-2024,Gwendolyn Watson,Consumer,Chennai,Grocery,Exactly Furniture,8071.08,4,0.22,-1095.79
218,ORD00218,12-09-2024,13-09-2024,Jillian Mckay,Consumer,Pune,Beauty,Shoulder Beauty,435.02,9,0.2,87.53
219,ORD00219,04-09-2024,06-09-2024,Henry Smith,Corporate,Hyderabad,Grocery,Institution Grocery,8232.15,5,0.36,2808.55
220,ORD00220,26-07-2024,31-07-2024,Sara Black,Consumer,Delhi,Furniture,Body Fashion,3873.8,4,0.21,-664.79
221,ORD00221,27-11-2025,04-12-2025,Anthony Zuniga,Corporate,Chennai,Beauty,Inside Beauty,917.43,3,0.08,194.76
222,ORD00222,04-01-2025,10-01-2025,Joseph Rivera,Home Office,Pune,Furniture,Remember Furniture,6288.41,6,0.27,643.41
223,ORD00223,24-12-2024,29-12-2024,Kenneth Nguyen,Home Office,Mumbai,Fashion,Late Electronics,3633.05,6,0.29,79.98
224,ORD00224,10-10-2024,16-10-2024,Sandra Newton,Home Office,Bangalore,Grocery,The Grocery,1634.83,8,0.37,278.43
225,ORD00225,22-05-2025,25-05-2025,Sarah Peterson,Consumer,Mumbai,Furniture,Economic Furniture,6517.72,6,0.49,695.71
226,ORD00226,18-05-2025,19-05-2025,Andrew Hall,Consumer,Mumbai,Beauty,Through Fashion,8158.39,8,0.08,1494.38
227,ORD00227,08-05-2024,15-05-2024,Shane Gordon,Corporate,Bangalore,Electronics,Skin Beauty,2960.3,7,0.29,-442.03
228,ORD00228,20-09-2024,24-09-2024,Melanie Collins,Consumer,Bangalore,Grocery,Vote Fashion,179.99,2,0.23,18.67
229,ORD00229,29-11-2024,01-12-2024,Terri Graves,Consumer,Pune,Grocery,Painting Grocery,5151.66,10,0.38,61.15
230,ORD00230,21-03-2026,26-03-2026,Jimmy Rios,Home Office,Delhi,Beauty,Key Beauty,9646.26,5,0.08,-691.84
231,ORD00231,03-04-2025,10-04-2025,Mr. Larry Hunt,Home Office,Bangalore,Beauty,Friend Beauty,1915.04,2,0.07,578.77
232,ORD00232,09-08-2024,15-08-2024,James Adams,Home Office,Delhi,Fashion,Develop Beauty,283.51,8,0.28,24.32
233,ORD00233,31-05-2024,02-06-2024,Kimberly Cortez,Home Office,Pune,Electronics,Police Grocery,8046.54,1,0.33,2018.51
234,ORD00234,29-04-2026,05-05-2026,Traci Grant,Corporate,Chennai,Grocery,Friend Grocery,2902.91,6,0.47,80.08
235,ORD00235,08-09-2024,10-09-2024,Sara Sandoval,Consumer,Bangalore,Beauty,Concern Beauty,2502.34,8,0.03,504.12
236,ORD00236,15-07-2025,17-07-2025,Haley Greer,Consumer,Mumbai,Electronics,Sort Furniture,2198.16,1,0.4,-96.78
237,ORD00237,26-06-2024,02-07-2024,Christopher Roberts,Consumer,Chennai,Electronics,Material Beauty,2327.23,6,0.06,7.56
238,ORD00238,12-05-2024,16-05-2024,Veronica Stewart,Corporate,Chennai,Beauty,Again Electronics,7657.91,9,0.35,1058.62
239,ORD00239,20-11-2024,22-11-2024,Brandy Swanson,Home Office,Delhi,Furniture,Choose Furniture,6211.74,3,0.28,822.02
240,ORD00240,29-09-2025,30-09-2025,Emily Miller,Corporate,Delhi,Grocery,Realize Grocery,4225.13,4,0.32,1417.4
241,ORD00241,02-05-2026,07-05-2026,Ronald Murphy,Consumer,Delhi,Electronics,Into Grocery,4891.91,8,0.34,194.09
242,ORD00242,06-09-2025,12-09-2025,Mary Dunn,Home Office,Bangalore,Grocery,Green Grocery,5239.75,6,0.34,422.71
243,ORD00243,04-09-2025,07-09-2025,Wanda Delacruz,Home Office,Hyderabad,Beauty,Fear Grocery,5052.79,8,0.05,-970.2
244,ORD00244,27-08-2024,02-09-2024,Clarence Freeman,Corporate,Bangalore,Electronics,International Electronics,1164.41,8,0.17,-74.16
245,ORD00245,08-08-2025,11-08-2025,Richard Richards,Home Office,Bangalore,Furniture,Usually Grocery,6364.19,4,0.22,1635.1
246,ORD00246,01-03-2026,08-03-2026,Derrick Archer,Consumer,Chennai,Beauty,Morning Fashion,8633.69,7,0.09,-801.67
247,ORD00247,01-04-2025,07-04-2025,Joseph Robles DDS,Consumer,Mumbai,Electronics,Matter Grocery,8041.71,1,0.2,1123.39
248,ORD00248,05-09-2024,08-09-2024,Crystal Branch,Corporate,Pune,Beauty,But Fashion,9843.43,2,0.45,-142.94
249,ORD00249,11-12-2025,12-12-2025,Stephanie Vaughn,Corporate,Bangalore,Fashion,Cover Grocery,3660.35,6,0.02,1196.3
250,ORD00250,25-11-2025,30-11-2025,Lindsey King,Corporate,Delhi,Fashion,Image Beauty,6467.07,6,0.19,518.75
251,ORD00251,06-09-2025,11-09-2025,Ann Little,Corporate,Hyderabad,Furniture,Friend Furniture,8303.69,9,0.36,-1222.38
252,ORD00252,05-11-2025,09-11-2025,Karen Lee,Home Office,Pune,Furniture,Lay Fashion,3072.63,10,0.32,-297.39
253,ORD00253,03-09-2025,04-09-2025,Nicole Wells,Corporate,Delhi,Electronics,Past Furniture,7410.68,5,0.23,1810.53
254,ORD00254,10-05-2025,12-05-2025,Ronald Smith,Corporate,Chennai,Grocery,Yeah Beauty,4487.09,6,0.38,-447
255,ORD00255,21-02-2025,27-02-2025,Martha Mclaughlin,Corporate,Pune,Beauty,Local Beauty,826.39,5,0.49,265.37
256,ORD00256,30-04-2025,06-05-2025,Nicole Young,Corporate,Pune,Grocery,Car Fashion,620.37,7,0.08,183.29
257,ORD00257,02-02-2025,06-02-2025,Jamie Miller,Home Office,Mumbai,Grocery,Continue Electronics,4809.72,6,0.25,-517.92
258,ORD00258,09-02-2026,11-02-2026,Angel Melendez,Home Office,Hyderabad,Electronics,Leg Furniture,3633.17,6,0.16,192
259,ORD00259,03-04-2026,07-04-2026,Eric Smith,Consumer,Hyderabad,Electronics,Structure Fashion,3618.71,9,0.22,452.8
260,ORD00260,08-01-2026,14-01-2026,Holly Perez,Corporate,Chennai,Furniture,Hour Electronics,2385.84,2,0.39,-308.08
261,ORD00261,24-03-2025,27-03-2025,Juan Chen,Consumer,Hyderabad,Grocery,Drive Grocery,6147.11,4,0.41,1222.25
262,ORD00262,22-12-2025,27-12-2025,Michael Weaver,Corporate,Chennai,Furniture,A Fashion,7710.14,5,0,294.46
263,ORD00263,08-01-2025,14-01-2025,Stephanie Parker,Home Office,Mumbai,Electronics,Travel Electronics,1419.01,10,0.27,342.63
264,ORD00264,22-06-2024,24-06-2024,David Guzman,Home Office,Chennai,Grocery,Couple Beauty,4645.58,10,0.37,-861.81
265,ORD00265,01-01-2025,03-01-2025,Kristin Zimmerman,Corporate,Pune,Grocery,Test Beauty,7831.72,8,0.26,1712.88
266,ORD00266,23-03-2026,27-03-2026,Amber Williams,Home Office,Chennai,Beauty,Most Beauty,2532.07,7,0.41,-67.95
267,ORD00267,12-09-2024,14-09-2024,Jessica Thompson,Home Office,Mumbai,Electronics,Several Furniture,294.93,8,0.12,94.88
268,ORD00268,10-04-2025,12-04-2025,Brandy Tate,Home Office,Bangalore,Fashion,Movie Beauty,2421.84,10,0.4,47.69
269,ORD00269,26-12-2024,31-12-2024,Francisco Sandoval,Corporate,Pune,Beauty,Candidate Furniture,5424.61,6,0.35,1052.89
270,ORD00270,01-03-2025,03-03-2025,Taylor Barnes,Corporate,Chennai,Grocery,Force Grocery,7075.23,8,0.16,-771.9
271,ORD00271,14-01-2025,19-01-2025,Joshua Mitchell,Consumer,Delhi,Electronics,Relationship Furniture,6889.48,1,0.27,-252.07
272,ORD00272,24-09-2024,30-09-2024,Wendy Olsen,Home Office,Hyderabad,Electronics,Wonder Electronics,9717.59,8,0.29,2069.59
273,ORD00273,30-08-2025,04-09-2025,Jennifer Arnold,Home Office,Hyderabad,Furniture,Environmental Beauty,4891.16,7,0.05,1134.16
274,ORD00274,07-01-2025,14-01-2025,Ricardo Robertson,Corporate,Bangalore,Beauty,Guess Furniture,7073.76,1,0.15,1332.02
275,ORD00275,12-05-2025,15-05-2025,Amanda Chandler,Corporate,Pune,Grocery,Unit Electronics,7577.71,1,0.3,1348.1
276,ORD00276,20-01-2025,23-01-2025,John Campbell,Corporate,Chennai,Grocery,Executive Beauty,8125.7,10,0.25,2110.62
277,ORD00277,17-10-2024,20-10-2024,Juan Ramos,Consumer,Pune,Furniture,Play Fashion,9913.54,10,0.46,2161.75
278,ORD00278,01-04-2026,03-04-2026,Laura Myers,Corporate,Chennai,Grocery,Control Grocery,1423.01,6,0.46,-111.3
279,ORD00279,05-12-2024,08-12-2024,Christopher Parker,Home Office,Pune,Fashion,Win Furniture,3178.33,4,0.02,-197.56
280,ORD00280,13-06-2024,15-06-2024,Emily Foster,Corporate,Hyderabad,Grocery,Front Fashion,6464.33,7,0.14,-379.23
281,ORD00281,25-09-2025,29-09-2025,Carrie Curtis,Home Office,Chennai,Beauty,Ask Grocery,4067.13,3,0.38,-404.56
282,ORD00282,07-10-2025,10-10-2025,Aaron Johnson,Corporate,Bangalore,Electronics,After Furniture,9672.88,1,0.06,2190.8
283,ORD00283,08-03-2026,12-03-2026,Raymond Thompson,Corporate,Chennai,Beauty,Information Beauty,5360.7,6,0.02,-677.69
284,ORD00284,09-03-2025,10-03-2025,Michelle Peterson,Home Office,Pune,Grocery,Republican Furniture,2505.32,9,0.36,-357.96
285,ORD00285,27-11-2024,28-11-2024,Joseph Taylor,Corporate,Mumbai,Electronics,Suffer Furniture,5454.95,9,0.22,452.33
286,ORD00286,19-09-2024,26-09-2024,Roger Ray,Corporate,Pune,Electronics,Science Electronics,7629.81,1,0.43,2264.05
287,ORD00287,08-08-2025,12-08-2025,Eileen Chase,Corporate,Chennai,Beauty,Lead Fashion,8127.1,8,0.43,2173.59
288,ORD00288,07-01-2025,12-01-2025,Pamela Morris,Consumer,Delhi,Electronics,Officer Beauty,8061.81,3,0.39,1118.5
289,ORD00289,07-07-2025,12-07-2025,Dennis Kelly,Corporate,Bangalore,Furniture,Certain Grocery,9307.4,9,0.48,-421.22
290,ORD00290,29-04-2025,06-05-2025,Walter Sims,Consumer,Delhi,Furniture,Wear Grocery,8014.38,3,0.48,1790.49
291,ORD00291,05-06-2024,12-06-2024,Heather Oneill,Consumer,Hyderabad,Furniture,Plant Beauty,3825.83,7,0.4,828.66
292,ORD00292,02-01-2025,04-01-2025,Megan Reed,Home Office,Mumbai,Electronics,American Furniture,2227.71,6,0.11,-341.14
293,ORD00293,19-07-2024,23-07-2024,Joseph Flynn,Home Office,Hyderabad,Grocery,Foreign Electronics,511.87,2,0.01,9.31
294,ORD00294,21-03-2026,28-03-2026,Eric Stevenson,Corporate,Chennai,Beauty,Former Beauty,5407.11,7,0.11,330.98
295,ORD00295,15-09-2025,18-09-2025,Jeremy Brown,Consumer,Delhi,Beauty,Although Furniture,8105.25,10,0.18,-404.01
296,ORD00296,03-10-2024,07-10-2024,Sarah Barrera,Corporate,Hyderabad,Beauty,Trouble Fashion,4997.56,9,0.41,460.67
297,ORD00297,06-09-2025,10-09-2025,Michelle Jones,Home Office,Bangalore,Grocery,Season Fashion,8528.9,6,0.43,2701.1
298,ORD00298,21-02-2025,25-02-2025,Matthew Thornton,Corporate,Chennai,Grocery,All Furniture,2324.4,8,0.4,-107.98
299,ORD00299,09-09-2025,10-09-2025,Clayton Black,Home Office,Hyderabad,Beauty,Study Electronics,5001.45,5,0.29,1005.29
300,ORD00300,11-03-2025,16-03-2025,Jose Casey,Home Office,Delhi,Fashion,Laugh Grocery,5312.76,10,0.3,-91.05
301,ORD00301,27-08-2024,02-09-2024,Nicole Bishop,Consumer,Delhi,Beauty,By Electronics,1316.49,10,0.17,-87.14
302,ORD00302,07-03-2026,09-03-2026,Samuel Cherry,Corporate,Chennai,Grocery,Real Fashion,2688.52,8,0.01,463.96
303,ORD00303,12-09-2025,16-09-2025,Sharon Stephenson,Corporate,Pune,Beauty,Reach Beauty,7026.68,7,0.06,423.88
304,ORD00304,08-10-2024,14-10-2024,Ronald Graham,Corporate,Hyderabad,Grocery,Each Furniture,1818.35,3,0.42,271.88
305,ORD00305,07-11-2025,13-11-2025,Martha Hill,Consumer,Chennai,Furniture,Strong Fashion,6656.83,5,0,231.07
306,ORD00306,28-07-2024,31-07-2024,Jacob Hall,Home Office,Delhi,Fashion,Crime Furniture,4968.84,7,0.07,-708.05
307,ORD00307,24-06-2025,26-06-2025,Tanya Williams,Corporate,Pune,Electronics,Once Beauty,3633.74,1,0.01,-45.59
308,ORD00308,30-12-2024,02-01-2025,Christopher Fischer,Home Office,Pune,Grocery,Authority Grocery,1584.18,1,0.23,-297.54
309,ORD00309,09-07-2024,12-07-2024,Cathy Murray,Corporate,Mumbai,Grocery,Task Electronics,6248.62,6,0.13,-535.81
310,ORD00310,02-04-2025,03-04-2025,Michael Klein,Home Office,Hyderabad,Grocery,Rock Furniture,669.79,9,0.13,70.1
311,ORD00311,05-02-2025,10-02-2025,Ryan Smith,Home Office,Bangalore,Fashion,Laugh Beauty,4401.35,2,0.15,1144.97
312,ORD00312,12-08-2024,13-08-2024,Jeanette Jenkins,Consumer,Chennai,Electronics,Great Fashion,5464.61,3,0.16,901.41
313,ORD00313,07-06-2025,09-06-2025,Hunter Gardner,Home Office,Mumbai,Electronics,Team Furniture,6881.24,5,0.46,2332.11
314,ORD00314,23-08-2024,24-08-2024,Crystal Wu MD,Home Office,Bangalore,Electronics,Almost Electronics,8846.39,5,0.11,564.85
315,ORD00315,08-08-2024,12-08-2024,Bradley Garcia,Consumer,Hyderabad,Beauty,Money Electronics,3757.35,7,0.26,225.82
316,ORD00316,19-06-2024,20-06-2024,Robert Willis,Home Office,Mumbai,Electronics,Push Fashion,1973.26,10,0.15,642.66
317,ORD00317,26-07-2025,30-07-2025,Faith Turner,Home Office,Pune,Beauty,Particularly Grocery,8062.79,9,0.17,-224.58
318,ORD00318,02-02-2025,05-02-2025,Julie Willis,Corporate,Pune,Grocery,Task Beauty,6119.47,9,0.47,1880.43
319,ORD00319,15-08-2025,22-08-2025,Zoe Contreras,Home Office,Hyderabad,Fashion,Street Beauty,5325.06,6,0.03,-469.82
320,ORD00320,08-03-2026,10-03-2026,Maria Duncan,Consumer,Chennai,Beauty,This Grocery,6112.87,6,0.48,168.5
321,ORD00321,29-11-2024,30-11-2024,Kevin Fuller,Consumer,Hyderabad,Furniture,Popular Electronics,9076.27,6,0.27,-1483.35
322,ORD00322,14-02-2025,20-02-2025,Amanda Rodriguez,Home Office,Bangalore,Grocery,Claim Electronics,7995.59,5,0.05,-716.42
323,ORD00323,08-11-2024,15-11-2024,Cynthia Houston,Corporate,Mumbai,Grocery,Meeting Beauty,4527.29,10,0.12,1556.16
324,ORD00324,28-03-2025,01-04-2025,Michael White,Corporate,Pune,Electronics,Stay Fashion,6161.82,4,0.46,-260.64
325,ORD00325,21-08-2025,24-08-2025,Rebecca Morales,Corporate,Delhi,Furniture,Sell Grocery,7045.06,10,0.37,2150.52
326,ORD00326,10-06-2025,14-06-2025,Patricia Kennedy,Home Office,Delhi,Beauty,Agency Grocery,7747.54,6,0.37,-1112.9
327,ORD00327,02-01-2026,08-01-2026,Lucas Anderson,Home Office,Mumbai,Furniture,Standard Beauty,3620.21,7,0.02,550.95
328,ORD00328,17-04-2026,18-04-2026,Brian Perez,Corporate,Mumbai,Furniture,At Fashion,8400.78,4,0.35,-307.37
329,ORD00329,19-12-2025,20-12-2025,Angela Guerra,Home Office,Mumbai,Furniture,Else Electronics,8750.6,9,0.2,252.01
330,ORD00330,12-10-2024,19-10-2024,Sonia Medina,Home Office,Hyderabad,Grocery,Happen Fashion,3409.26,10,0.5,-12.96
331,ORD00331,10-09-2024,17-09-2024,Nicole Garcia,Corporate,Mumbai,Fashion,Dream Beauty,7238.57,5,0.07,1849.05
332,ORD00332,02-10-2024,07-10-2024,Edward Cabrera,Home Office,Pune,Beauty,Manager Electronics,7142.57,9,0.01,2406.85
333,ORD00333,13-08-2024,15-08-2024,Daniel Randall,Consumer,Mumbai,Fashion,Follow Beauty,5810.78,10,0.17,1481.99
334,ORD00334,23-08-2024,30-08-2024,Holly House,Consumer,Delhi,Furniture,System Electronics,9556.28,6,0.25,-100.16
335,ORD00335,24-09-2024,01-10-2024,Kevin Spencer,Home Office,Delhi,Beauty,I Beauty,9309.98,10,0.18,1158.37
336,ORD00336,06-09-2025,12-09-2025,Dwayne Arellano,Corporate,Hyderabad,Fashion,Situation Grocery,9564.45,9,0.3,433.59
337,ORD00337,14-08-2024,20-08-2024,Curtis Myers,Corporate,Hyderabad,Beauty,Friend Fashion,5563.96,4,0.09,1600.82
338,ORD00338,06-02-2025,10-02-2025,Terry Martinez,Corporate,Hyderabad,Beauty,Continue Electronics,3615.06,10,0.41,1256.19
339,ORD00339,01-05-2026,08-05-2026,Christina Norman,Home Office,Mumbai,Beauty,Such Fashion,3387.74,5,0.18,-312.97
340,ORD00340,14-04-2026,15-04-2026,Dawn Phillips,Consumer,Chennai,Grocery,Take Grocery,3643.74,4,0.48,828.84
341,ORD00341,20-05-2025,27-05-2025,Stephen Herrera,Consumer,Bangalore,Fashion,Local Electronics,5345.68,7,0.46,-399.64
342,ORD00342,10-03-2025,14-03-2025,Mike Washington,Home Office,Mumbai,Furniture,Open Furniture,1571.36,5,0.3,345.75
343,ORD00343,02-10-2025,08-10-2025,Kimberly Hill,Home Office,Delhi,Furniture,Fly Grocery,558.47,9,0.16,94.19
344,ORD00344,24-08-2024,26-08-2024,Thomas Hill,Corporate,Pune,Furniture,Guy Grocery,4319.05,10,0.11,962.73
345,ORD00345,28-03-2026,01-04-2026,Kevin Warner,Corporate,Bangalore,Beauty,Green Furniture,7402.45,5,0.15,-177.67
346,ORD00346,22-10-2025,24-10-2025,Carmen Ho,Corporate,Mumbai,Beauty,Around Fashion,3752.67,2,0.03,-262.37
347,ORD00347,20-12-2024,24-12-2024,Steve Rodriguez DDS,Home Office,Chennai,Furniture,Should Furniture,8035.72,8,0.37,2087.56
348,ORD00348,08-08-2024,14-08-2024,Corey Johnson,Corporate,Pune,Fashion,Expert Electronics,5105.01,8,0.38,-750.54
349,ORD00349,18-09-2024,20-09-2024,Dennis Williams,Corporate,Hyderabad,Beauty,Interview Grocery,2742.54,2,0.36,-113.22
350,ORD00350,27-02-2025,03-03-2025,Mary Casey,Home Office,Pune,Electronics,Rise Electronics,6734.86,9,0.19,1824.07
351,ORD00351,09-03-2025,14-03-2025,Michael Orr,Consumer,Delhi,Grocery,Industry Furniture,3649.86,4,0.13,-452.29
352,ORD00352,01-07-2024,07-07-2024,Nicholas Hampton,Consumer,Chennai,Furniture,Loss Fashion,2435.49,6,0.14,-474.7
353,ORD00353,29-11-2025,04-12-2025,Stephanie Long,Home Office,Pune,Grocery,Reality Fashion,4974.54,3,0.44,285.63
354,ORD00354,16-01-2025,17-01-2025,Joann Rodriguez,Consumer,Chennai,Grocery,Per Fashion,1623.05,2,0.17,-35.47
355,ORD00355,02-01-2025,08-01-2025,Daniel Ross,Corporate,Chennai,Grocery,Real Grocery,4857.02,3,0.02,207.91
356,ORD00356,20-09-2024,26-09-2024,Taylor Shannon,Consumer,Hyderabad,Electronics,Allow Fashion,8380.13,2,0.34,-892.19
357,ORD00357,14-12-2024,20-12-2024,Marvin Boyd,Consumer,Bangalore,Fashion,People Furniture,425.84,3,0.47,40.32
358,ORD00358,31-10-2025,03-11-2025,Elizabeth Morris,Corporate,Mumbai,Beauty,Image Furniture,8509.34,9,0.25,889.39
359,ORD00359,28-02-2025,05-03-2025,Gregory Carlson,Home Office,Hyderabad,Electronics,Together Beauty,9500.39,4,0.14,1937.43
360,ORD00360,13-07-2025,19-07-2025,Mark Hanson,Home Office,Pune,Furniture,Sound Grocery,2069,6,0.45,-197.7
361,ORD00361,19-11-2025,20-11-2025,Tracey Norman,Consumer,Delhi,Fashion,Especially Fashion,1060.62,6,0.07,-107.66
362,ORD00362,08-11-2025,11-11-2025,Tracey Cox,Consumer,Pune,Fashion,Respond Electronics,7523.67,6,0.08,-435.6
363,ORD00363,27-01-2026,28-01-2026,Jesse Simon,Corporate,Chennai,Furniture,Soldier Electronics,4418.75,6,0.42,-858.61
364,ORD00364,25-08-2025,30-08-2025,Gregory Austin,Corporate,Mumbai,Beauty,Various Fashion,6099.06,2,0.18,-1196.29
365,ORD00365,24-10-2024,30-10-2024,Melissa Green,Consumer,Chennai,Fashion,Pressure Beauty,6240.52,8,0.32,323.25
366,ORD00366,11-11-2025,15-11-2025,Erin Sosa,Consumer,Bangalore,Furniture,Name Electronics,5398.24,5,0.46,60.45
367,ORD00367,06-08-2025,11-08-2025,Julie Wood,Home Office,Chennai,Grocery,Bad Electronics,1100.44,7,0.3,-82.27
368,ORD00368,24-09-2024,01-10-2024,Michael Caldwell,Corporate,Hyderabad,Fashion,Stuff Furniture,8288.36,1,0.37,1857.52
369,ORD00369,26-02-2026,04-03-2026,Timothy Wagner,Consumer,Pune,Fashion,Less Fashion,8204.88,1,0.12,-1061.36
370,ORD00370,23-03-2025,30-03-2025,Don Kaiser,Corporate,Bangalore,Grocery,Vote Beauty,1674.35,8,0.11,255.33
371,ORD00371,12-09-2024,16-09-2024,Ethan Taylor,Home Office,Pune,Fashion,Music Electronics,2855.95,5,0.16,257.69
372,ORD00372,03-08-2024,10-08-2024,Janet Wong,Corporate,Chennai,Electronics,Letter Fashion,1827.55,5,0.09,-123.84
373,ORD00373,16-05-2024,22-05-2024,John Carrillo,Corporate,Hyderabad,Grocery,Easy Fashion,4030.79,8,0.12,1223.79
374,ORD00374,08-12-2024,15-12-2024,Amanda Mason,Corporate,Pune,Grocery,Between Grocery,2081.51,9,0.01,-343.19
375,ORD00375,29-08-2025,04-09-2025,Ruth Perry,Consumer,Delhi,Beauty,Sort Beauty,5686.28,6,0.2,552.65
376,ORD00376,03-07-2024,07-07-2024,Kristen Ramirez,Consumer,Delhi,Furniture,Under Fashion,2370.07,6,0.05,-335.65
377,ORD00377,10-02-2025,15-02-2025,Brandon Sanchez,Home Office,Pune,Electronics,Particularly Fashion,4047.08,5,0.15,-407.39
378,ORD00378,26-01-2026,27-01-2026,David Campbell,Consumer,Pune,Furniture,Attack Fashion,152.55,4,0.35,32.04
379,ORD00379,27-08-2025,31-08-2025,Kathryn Knight,Consumer,Bangalore,Grocery,Son Fashion,9634.63,4,0.19,-1219.42
380,ORD00380,16-10-2025,19-10-2025,Robert Taylor,Consumer,Chennai,Furniture,Into Electronics,4226.38,4,0.16,1314.1
381,ORD00381,20-09-2024,24-09-2024,Justin Miller,Home Office,Delhi,Furniture,Ten Furniture,6231.62,7,0.18,-528.98
382,ORD00382,24-11-2024,28-11-2024,Kathleen Clarke,Consumer,Chennai,Beauty,Need Grocery,9915.67,7,0.23,1053.99
383,ORD00383,14-04-2026,15-04-2026,Andrew Williams,Consumer,Pune,Grocery,Take Electronics,5907.49,9,0.19,-560.55
384,ORD00384,31-07-2025,02-08-2025,Kimberly Nixon,Corporate,Bangalore,Electronics,I Beauty,9701.95,9,0.38,-969.48
385,ORD00385,10-02-2025,13-02-2025,Christopher Clark,Home Office,Hyderabad,Fashion,General Grocery,1325.6,7,0.14,265.59
386,ORD00386,05-09-2025,10-09-2025,Angelica Smith,Corporate,Hyderabad,Electronics,Somebody Furniture,327.17,2,0.41,-62.51
387,ORD00387,27-05-2024,29-05-2024,Timothy Gregory Jr.,Home Office,Hyderabad,Furniture,Executive Fashion,1889.19,3,0.05,548.57
388,ORD00388,22-04-2026,24-04-2026,Michael Morales,Consumer,Bangalore,Electronics,Task Fashion,3074.09,7,0.05,531.36
389,ORD00389,08-12-2025,14-12-2025,Seth Chavez,Home Office,Mumbai,Furniture,Threat Grocery,8036.9,5,0.48,359.74
390,ORD00390,25-02-2026,01-03-2026,Angela Brooks,Corporate,Hyderabad,Grocery,Teach Grocery,1236.14,4,0.03,-44.25
391,ORD00391,08-11-2024,11-11-2024,Matthew Miller,Home Office,Mumbai,Beauty,Bit Electronics,5116.11,1,0.39,-627.4
392,ORD00392,21-02-2025,24-02-2025,Jason Gibson,Home Office,Bangalore,Fashion,Design Beauty,2473.33,2,0.1,-264.99
393,ORD00393,13-10-2025,20-10-2025,Carl Gentry,Home Office,Pune,Grocery,Cover Fashion,5696.07,6,0.16,1479.1
394,ORD00394,01-11-2025,08-11-2025,Amanda Romero,Home Office,Chennai,Electronics,Cultural Furniture,9199.04,9,0.46,-1455.54
395,ORD00395,30-01-2025,03-02-2025,Joshua Ford,Corporate,Pune,Fashion,Pay Fashion,1135.85,10,0.18,111.65
396,ORD00396,16-04-2025,22-04-2025,Jose Fowler,Consumer,Chennai,Grocery,Fire Grocery,794.72,9,0.22,-51.57
397,ORD00397,15-01-2025,20-01-2025,Jennifer Miller,Corporate,Delhi,Furniture,Once Electronics,4308.74,7,0.43,652.81
398,ORD00398,11-07-2025,14-07-2025,Sabrina Morgan,Consumer,Mumbai,Grocery,Customer Fashion,7410.47,7,0.41,245.2
399,ORD00399,11-12-2025,14-12-2025,Deanna Cherry,Corporate,Mumbai,Fashion,Front Beauty,3069.86,1,0.11,-375.29
400,ORD00400,11-02-2025,15-02-2025,James Hester,Consumer,Bangalore,Grocery,Light Electronics,709.71,3,0.31,-79.71
401,ORD00401,24-08-2024,25-08-2024,Laura Cardenas,Corporate,Pune,Grocery,Summer Furniture,6512.61,6,0.09,2142.22
402,ORD00402,10-08-2025,12-08-2025,Robert Garcia,Consumer,Pune,Furniture,Alone Beauty,6438.59,5,0.27,1246.91
403,ORD00403,21-02-2026,28-02-2026,Phillip Weaver,Consumer,Hyderabad,Electronics,Cold Furniture,9101.13,10,0.04,1927.34
404,ORD00404,24-09-2024,26-09-2024,Samuel Russo,Consumer,Chennai,Furniture,Wrong Fashion,6185.82,7,0.14,188.3
405,ORD00405,10-02-2026,15-02-2026,Stephen Ramos,Home Office,Delhi,Furniture,Magazine Electronics,9628.06,3,0.47,2857.89
406,ORD00406,01-10-2025,02-10-2025,Karen Hill,Corporate,Mumbai,Grocery,Become Grocery,9679.26,3,0.23,1344.54
407,ORD00407,26-03-2025,29-03-2025,Ms. Ashley Ramirez MD,Corporate,Delhi,Furniture,Message Grocery,8228.98,1,0.37,960.4
408,ORD00408,28-04-2026,01-05-2026,Jamie Mccall,Home Office,Mumbai,Electronics,Politics Beauty,2355.96,1,0.5,-272.11
409,ORD00409,28-05-2025,04-06-2025,Brett Long,Corporate,Bangalore,Furniture,Drop Fashion,1597.56,5,0.11,380.92
410,ORD00410,29-05-2024,31-05-2024,William Cordova,Consumer,Chennai,Grocery,Natural Grocery,2890.3,5,0.03,935.58
411,ORD00411,09-02-2026,13-02-2026,Mark Decker,Corporate,Bangalore,Electronics,Church Grocery,1110.73,8,0.44,119.29
412,ORD00412,19-03-2026,24-03-2026,Matthew Reynolds,Corporate,Hyderabad,Furniture,Smile Fashion,3645.5,4,0.47,870.1
413,ORD00413,30-04-2025,02-05-2025,Rachel Rangel,Corporate,Chennai,Fashion,Kid Grocery,1586.47,9,0.01,-33.75
414,ORD00414,23-07-2024,29-07-2024,Brenda Huffman,Consumer,Pune,Fashion,Within Fashion,271.02,7,0.27,7.4
415,ORD00415,09-02-2025,16-02-2025,Albert Chapman,Corporate,Bangalore,Grocery,Ready Fashion,4398.69,5,0.34,405.91
416,ORD00416,19-07-2024,22-07-2024,Sandra Mann,Home Office,Delhi,Grocery,Account Electronics,6081.33,8,0.49,-408.17
417,ORD00417,02-03-2025,03-03-2025,Adrian Wallace,Corporate,Mumbai,Electronics,Put Fashion,5561.12,7,0.35,-989.45
418,ORD00418,11-04-2025,16-04-2025,Matthew Mendez,Home Office,Hyderabad,Furniture,Cover Grocery,3167.05,9,0.27,-285.23
419,ORD00419,19-02-2026,22-02-2026,Hannah Decker,Home Office,Bangalore,Electronics,Main Beauty,6130.85,10,0.07,697.56
420,ORD00420,18-08-2025,25-08-2025,Laura Francis,Consumer,Hyderabad,Fashion,Evening Beauty,2600.52,4,0.47,370.94
421,ORD00421,23-04-2025,27-04-2025,Kimberly Martin,Corporate,Delhi,Beauty,Young Electronics,1543.33,2,0.2,399.08
422,ORD00422,16-07-2025,22-07-2025,Dr. Wendy Medina,Consumer,Mumbai,Electronics,Simple Electronics,5723.68,10,0.33,1258.41
423,ORD00423,08-09-2024,13-09-2024,Charles Rich,Consumer,Chennai,Electronics,Office Furniture,9395.5,8,0.25,-6.09
424,ORD00424,21-10-2024,27-10-2024,Kimberly Cross,Corporate,Hyderabad,Beauty,Speech Beauty,6380.44,9,0.39,-796.11
425,ORD00425,08-02-2025,09-02-2025,Timothy Phillips,Consumer,Mumbai,Grocery,Answer Electronics,1645.3,5,0.27,-236.22
426,ORD00426,13-10-2024,16-10-2024,Melissa Norton DDS,Consumer,Hyderabad,Furniture,No Grocery,2738.81,3,0.06,802.53
427,ORD00427,17-06-2024,20-06-2024,Crystal Stanley,Consumer,Chennai,Furniture,Level Fashion,7857,8,0.07,-963.91
428,ORD00428,29-08-2024,31-08-2024,Steven Lowe,Consumer,Bangalore,Fashion,Music Furniture,7464.4,5,0.29,1085.67
429,ORD00429,08-06-2024,10-06-2024,Dana Young,Home Office,Mumbai,Electronics,Own Grocery,2922.73,1,0.44,217.83
430,ORD00430,02-05-2026,05-05-2026,Sherry Mueller,Corporate,Hyderabad,Beauty,Guy Grocery,5842.74,1,0.43,1617.58
431,ORD00431,29-11-2025,06-12-2025,Angel Russell,Consumer,Pune,Electronics,South Electronics,2280.18,9,0.04,337.81
432,ORD00432,12-08-2025,15-08-2025,Thomas Hester,Consumer,Pune,Grocery,Camera Grocery,3344.39,4,0.08,1122.26
433,ORD00433,21-03-2026,22-03-2026,Kristy Miller,Consumer,Bangalore,Fashion,Together Furniture,4965.04,10,0.15,-3.94
434,ORD00434,19-05-2024,24-05-2024,Gregory Pierce,Home Office,Chennai,Furniture,Moment Beauty,5066.52,6,0.23,702.45
435,ORD00435,26-11-2025,01-12-2025,Rebecca Smith,Home Office,Pune,Grocery,Quickly Fashion,8675.43,10,0.4,796
436,ORD00436,10-08-2025,13-08-2025,Denise Reeves,Consumer,Mumbai,Fashion,Enjoy Furniture,2932.13,5,0.18,71.63
437,ORD00437,21-08-2024,23-08-2024,Jessica Stanley,Home Office,Pune,Electronics,Central Beauty,1949.18,4,0.35,-257.42
438,ORD00438,17-09-2024,19-09-2024,Valerie Fleming,Home Office,Mumbai,Grocery,Difference Furniture,7096.33,9,0.21,1475.65
439,ORD00439,05-07-2024,09-07-2024,Charles Rosario,Consumer,Mumbai,Fashion,Range Furniture,7535.36,6,0.02,-26.37
440,ORD00440,14-02-2025,18-02-2025,Donald Lynch,Corporate,Delhi,Electronics,Us Furniture,1048.23,10,0.26,91.96
441,ORD00441,30-11-2025,03-12-2025,Jose Davis,Home Office,Pune,Beauty,Bit Grocery,9737,8,0.2,-1760.25
442,ORD00442,04-02-2025,06-02-2025,James Graham,Corporate,Hyderabad,Beauty,House Beauty,9911.05,8,0.4,-91.57
443,ORD00443,26-07-2024,29-07-2024,Jennifer Williams,Corporate,Bangalore,Electronics,Life Fashion,3995.83,1,0.11,347.61
444,ORD00444,13-02-2026,14-02-2026,Jessica Santana,Home Office,Hyderabad,Beauty,Give Beauty,1389.22,4,0.27,379.48
445,ORD00445,12-07-2025,14-07-2025,Jason Gregory,Home Office,Bangalore,Fashion,Their Beauty,9539.55,4,0.04,-963.7
446,ORD00446,22-11-2024,29-11-2024,Joy Shaffer,Corporate,Chennai,Grocery,Effort Beauty,1341.97,10,0.46,164.64
447,ORD00447,20-07-2025,26-07-2025,Melanie Lewis,Corporate,Hyderabad,Furniture,Relationship Furniture,1992.46,3,0.28,75.52
448,ORD00448,06-11-2024,07-11-2024,Thomas Warren,Home Office,Pune,Electronics,Individual Beauty,9615.3,3,0.33,3044.05
449,ORD00449,30-01-2026,04-02-2026,Catherine Nguyen,Home Office,Delhi,Grocery,Crime Grocery,9868.82,4,0.02,-50.86
450,ORD00450,04-02-2025,06-02-2025,Alexandra Hall,Consumer,Mumbai,Grocery,Family Furniture,4537.08,5,0.4,1211.97
451,ORD00451,28-02-2025,03-03-2025,Alexander Alvarado,Corporate,Delhi,Furniture,Market Fashion,5940.8,3,0.43,-118.83
452,ORD00452,10-03-2026,11-03-2026,Julie Hill,Corporate,Pune,Electronics,Southern Fashion,1953.96,4,0.27,-181.8
453,ORD00453,14-02-2025,17-02-2025,Mary Stone,Home Office,Chennai,Beauty,Million Beauty,5278.83,2,0.44,1232.88
454,ORD00454,03-04-2025,09-04-2025,Megan Roberts,Consumer,Mumbai,Beauty,Building Fashion,2081.67,7,0.43,-125.92
455,ORD00455,29-09-2025,05-10-2025,Jeffrey Cruz,Corporate,Hyderabad,Grocery,Government Beauty,5777.28,8,0.09,-368.83
456,ORD00456,10-02-2026,12-02-2026,Tamara Sanchez,Consumer,Mumbai,Grocery,Song Beauty,1831.75,8,0.43,-98.7
457,ORD00457,27-08-2024,31-08-2024,David Ellis,Home Office,Mumbai,Electronics,Organization Furniture,2145.3,8,0.24,594.64
458,ORD00458,07-04-2026,08-04-2026,Chad Collins,Consumer,Delhi,Grocery,Six Electronics,8348.33,5,0.43,-306.28
459,ORD00459,27-05-2025,28-05-2025,Maria Davis,Consumer,Bangalore,Grocery,Officer Grocery,1351.53,7,0.17,209.85
460,ORD00460,30-03-2026,05-04-2026,Nicole Welch,Corporate,Mumbai,Beauty,Process Electronics,2440.57,2,0.1,308.84
461,ORD00461,07-06-2025,08-06-2025,Martha Reynolds,Consumer,Delhi,Furniture,Idea Electronics,6581.31,2,0.34,1865.07
462,ORD00462,18-11-2024,23-11-2024,Curtis Williams,Consumer,Bangalore,Grocery,Add Beauty,3508.03,1,0.08,1121.36
463,ORD00463,30-07-2025,02-08-2025,Garrett Herrera,Home Office,Delhi,Fashion,Resource Fashion,2961.87,6,0.06,73.39
464,ORD00464,07-04-2026,09-04-2026,Alicia Bush,Corporate,Chennai,Fashion,Let Furniture,5626.27,10,0.37,1509.43
465,ORD00465,21-04-2025,27-04-2025,Erik Clark,Home Office,Hyderabad,Beauty,Market Furniture,8810.12,3,0.28,840.18
466,ORD00466,10-09-2025,15-09-2025,Kathryn Medina,Corporate,Mumbai,Beauty,Line Beauty,6890.7,10,0.26,201.77
467,ORD00467,06-11-2024,10-11-2024,Kimberly Jones,Corporate,Hyderabad,Furniture,Yard Electronics,4600.69,1,0.34,-844.76
468,ORD00468,05-04-2025,11-04-2025,Christopher Fitzgerald,Home Office,Pune,Furniture,Culture Beauty,6498.77,2,0.16,1354.5
469,ORD00469,21-08-2025,27-08-2025,Emily Chambers,Corporate,Hyderabad,Beauty,Perhaps Furniture,6762.48,2,0.32,998.43
470,ORD00470,13-03-2025,15-03-2025,Joel Henry,Consumer,Hyderabad,Fashion,So Electronics,7102.72,8,0.32,-1308.39
471,ORD00471,29-09-2025,01-10-2025,Jason Miller,Corporate,Pune,Furniture,Reach Furniture,3695.56,5,0.38,-344.6
472,ORD00472,13-10-2025,18-10-2025,Jeremy Williams,Home Office,Pune,Electronics,Let Beauty,7544.44,7,0.43,2362.36
473,ORD00473,17-05-2024,20-05-2024,Lauren Andrade,Consumer,Mumbai,Fashion,Down Furniture,9175.68,2,0.01,-1788.53
474,ORD00474,04-10-2024,11-10-2024,Laura Gibson,Corporate,Pune,Furniture,After Fashion,7750.83,4,0.49,2405.25
475,ORD00475,09-06-2024,11-06-2024,Peter King,Corporate,Pune,Grocery,Station Furniture,4783.45,10,0.27,1287.75
476,ORD00476,30-03-2026,05-04-2026,Kimberly Barnett,Corporate,Chennai,Electronics,Several Furniture,8436.36,10,0.07,-1248.55
477,ORD00477,07-07-2025,11-07-2025,Paul Perkins,Corporate,Delhi,Beauty,Brother Fashion,1296.69,5,0.47,396.82
478,ORD00478,16-12-2024,23-12-2024,Jeremy Roberts,Home Office,Hyderabad,Electronics,Oil Electronics,8928.8,10,0.05,-1716.92
479,ORD00479,30-12-2024,31-12-2024,Timothy Williams,Consumer,Delhi,Grocery,Through Furniture,8565.58,9,0.35,2852.79
480,ORD00480,24-01-2025,31-01-2025,Dakota Taylor,Consumer,Bangalore,Grocery,Win Grocery,7152.83,7,0.41,664.91
481,ORD00481,12-05-2025,19-05-2025,Heidi Conner,Corporate,Mumbai,Beauty,Management Electronics,8638.09,1,0.46,333.06
482,ORD00482,27-07-2025,01-08-2025,Samantha Carlson,Consumer,Pune,Furniture,Stuff Beauty,8656.41,10,0.02,-743.44
483,ORD00483,16-02-2025,17-02-2025,Stephanie Howard,Home Office,Bangalore,Beauty,Against Furniture,5521.93,2,0.46,1601.69
484,ORD00484,14-02-2025,18-02-2025,Jill Grant,Home Office,Mumbai,Furniture,Along Furniture,9438.18,10,0.02,-646.73
485,ORD00485,27-11-2024,02-12-2024,Anita Fitzgerald,Consumer,Mumbai,Grocery,Trip Beauty,2284.76,9,0.45,-416.27
486,ORD00486,03-04-2025,10-04-2025,Sergio Lane,Home Office,Bangalore,Furniture,Compare Fashion,9047.14,2,0.29,1520.08
487,ORD00487,24-05-2024,28-05-2024,Thomas Mason MD,Consumer,Hyderabad,Beauty,Director Beauty,6879.26,9,0.03,2206.42
488,ORD00488,16-12-2024,20-12-2024,Dawn Jones,Corporate,Pune,Electronics,Care Grocery,4654.38,9,0.39,362.05
489,ORD00489,02-07-2025,09-07-2025,Herbert Watkins,Consumer,Mumbai,Beauty,Nice Furniture,9496.41,6,0.39,-658.22
490,ORD00490,03-07-2025,10-07-2025,Danielle Robinson,Corporate,Pune,Grocery,Fast Furniture,4653.81,4,0.47,1486.54
491,ORD00491,26-01-2025,30-01-2025,Darrell Hogan,Corporate,Chennai,Fashion,Key Grocery,8966.07,7,0.44,-21.26
492,ORD00492,01-07-2024,08-07-2024,Ricky Phillips,Home Office,Chennai,Electronics,Director Furniture,7263.53,3,0.48,1881.33
493,ORD00493,29-09-2025,03-10-2025,Kevin Schultz,Home Office,Hyderabad,Furniture,Against Beauty,6295.05,3,0.32,-917.07
494,ORD00494,09-05-2024,16-05-2024,April Powers,Corporate,Hyderabad,Beauty,Again Fashion,6022.94,5,0.3,-212.51
495,ORD00495,29-09-2024,30-09-2024,Karen Huffman,Corporate,Bangalore,Beauty,Answer Beauty,505.21,7,0.34,68.22
496,ORD00496,04-05-2025,08-05-2025,Joan Cox,Home Office,Delhi,Fashion,Respond Electronics,4344.59,2,0.07,-589.46
497,ORD00497,12-06-2024,19-06-2024,Katherine Garza,Corporate,Delhi,Fashion,Until Furniture,2055.99,10,0.28,242.89
498,ORD00498,05-10-2025,07-10-2025,Sergio Chapman,Consumer,Bangalore,Beauty,Road Beauty,2002.12,3,0.11,-397.62
499,ORD00499,19-05-2025,23-05-2025,Heather Johnson,Consumer,Mumbai,Grocery,Reduce Beauty,8883.22,4,0.46,-813.93
500,ORD00500,17-09-2025,19-09-2025,Mark Harris,Home Office,Delhi,Furniture,Although Electronics,4912.02,6,0.4,592.32
501,ORD00501,21-10-2025,28-10-2025,Andrew Cooper,Home Office,Pune,Beauty,I Electronics,7719.69,9,0.41,-815.38
502,ORD00502,29-12-2025,05-01-2026,Kayla Lee,Consumer,Pune,Electronics,Focus Electronics,886.92,10,0.47,144.56
503,ORD00503,06-02-2025,07-02-2025,Audrey Conner,Home Office,Hyderabad,Beauty,Tend Electronics,7578.66,10,0.46,1939.01
504,ORD00504,25-08-2025,26-08-2025,Steven Harris,Home Office,Hyderabad,Beauty,See Furniture,3621.92,9,0.42,1193.65
505,ORD00505,29-10-2025,31-10-2025,Andrew Browning,Home Office,Mumbai,Grocery,Sister Fashion,3410.9,1,0,-347.81
506,ORD00506,25-11-2025,26-11-2025,Tammy Woods,Consumer,Delhi,Furniture,Language Electronics,2694.99,10,0.07,-341.81
507,ORD00507,24-10-2024,27-10-2024,Christine Guerrero,Corporate,Mumbai,Grocery,Security Furniture,2635.49,9,0.2,-119.41
508,ORD00508,06-09-2024,07-09-2024,Jonathan Pennington,Home Office,Pune,Electronics,Quickly Furniture,5949.51,5,0.11,-46.37
509,ORD00509,28-04-2026,04-05-2026,Jennifer Cardenas,Home Office,Bangalore,Beauty,Commercial Furniture,9378.56,5,0.3,2829.55
510,ORD00510,18-11-2024,22-11-2024,Patricia Guerra,Consumer,Chennai,Grocery,Source Fashion,5586.98,4,0.04,693.48
511,ORD00511,21-12-2024,24-12-2024,Mark Holt,Corporate,Bangalore,Beauty,They Furniture,2344.78,10,0.27,114.55
512,ORD00512,13-03-2026,19-03-2026,Daniel Owens,Home Office,Pune,Furniture,Way Beauty,7066.01,6,0.17,1021.22
513,ORD00513,06-06-2024,09-06-2024,Edward Bright,Home Office,Hyderabad,Fashion,Commercial Beauty,2881.67,9,0.32,-468.03
514,ORD00514,16-04-2025,23-04-2025,Amanda Valenzuela,Corporate,Bangalore,Electronics,Why Electronics,7852.39,6,0.28,173.33
515,ORD00515,30-03-2026,05-04-2026,Kara Hawkins,Consumer,Pune,Beauty,Attorney Beauty,8068.14,1,0.15,-1251.37
516,ORD00516,15-08-2025,21-08-2025,Johnathan Robinson,Corporate,Mumbai,Beauty,Time Grocery,5596.48,3,0.21,1739.09
517,ORD00517,07-07-2024,11-07-2024,Carrie Pham,Consumer,Hyderabad,Beauty,Reflect Beauty,6561.81,2,0.1,-737.65
518,ORD00518,30-01-2025,31-01-2025,David Garcia,Corporate,Hyderabad,Grocery,Tv Furniture,8605.57,1,0.04,997.16
519,ORD00519,29-09-2025,04-10-2025,Samuel Miller,Corporate,Hyderabad,Grocery,Travel Furniture,4943.58,4,0.48,976.4
520,ORD00520,06-09-2024,12-09-2024,Yvette Tucker,Consumer,Pune,Beauty,Teacher Fashion,716.06,2,0.04,160.51
521,ORD00521,07-08-2024,10-08-2024,Frank Reyes,Consumer,Mumbai,Beauty,Different Electronics,1235.76,5,0.35,153.42
522,ORD00522,26-10-2024,28-10-2024,Alexa Thompson,Corporate,Chennai,Fashion,Community Beauty,774.01,8,0.22,206.41
523,ORD00523,27-09-2024,30-09-2024,Robert Howe,Home Office,Chennai,Fashion,Evening Fashion,2090.32,6,0.35,-54.98
524,ORD00524,25-01-2025,29-01-2025,Taylor Stephens,Home Office,Pune,Electronics,Specific Fashion,9195.14,6,0.13,2362.04
525,ORD00525,19-02-2026,25-02-2026,William Smith,Home Office,Hyderabad,Electronics,Simply Beauty,5184.87,5,0.27,700.97
526,ORD00526,10-03-2026,15-03-2026,Jose White,Consumer,Mumbai,Electronics,Among Fashion,7667.92,7,0.08,2585.78
527,ORD00527,22-11-2024,25-11-2024,Alex Smith,Consumer,Chennai,Grocery,Well Fashion,5346.4,5,0.17,-257.29
528,ORD00528,30-05-2024,06-06-2024,Dawn Lucas,Home Office,Hyderabad,Fashion,Strategy Furniture,8724.44,5,0.23,-1529.1
529,ORD00529,14-10-2025,19-10-2025,Crystal Hayes,Consumer,Hyderabad,Beauty,Seat Beauty,743.55,9,0.14,-87.55
530,ORD00530,04-08-2025,05-08-2025,Kristen Johnson,Consumer,Pune,Electronics,Responsibility Grocery,6153.77,5,0.24,-89.26
531,ORD00531,27-04-2025,28-04-2025,Vincent Wallace,Home Office,Chennai,Beauty,Seven Furniture,9903.04,8,0.15,240.79
532,ORD00532,25-05-2024,01-06-2024,Daniel Johnson,Consumer,Pune,Electronics,Region Furniture,1941.1,6,0.17,367.9
533,ORD00533,31-01-2026,03-02-2026,Antonio Williams,Home Office,Hyderabad,Electronics,Manager Fashion,775.71,8,0.45,-48.19
534,ORD00534,07-09-2025,13-09-2025,April Edwards,Consumer,Hyderabad,Beauty,Letter Beauty,4354.87,5,0.21,559.62
535,ORD00535,01-04-2026,06-04-2026,Emily Wagner,Home Office,Hyderabad,Furniture,Chair Furniture,1947.52,8,0.04,538.85
536,ORD00536,16-07-2024,21-07-2024,Candice Lee,Home Office,Mumbai,Fashion,However Electronics,7463.33,8,0.32,520.67
537,ORD00537,27-09-2025,01-10-2025,David Smith,Home Office,Delhi,Grocery,Half Furniture,8265.5,7,0.14,-486.64
538,ORD00538,10-02-2025,11-02-2025,Cathy Lowe,Corporate,Mumbai,Beauty,Reveal Grocery,4238.54,1,0.34,-656.87
539,ORD00539,17-11-2025,23-11-2025,Timothy Gentry,Home Office,Bangalore,Electronics,Activity Furniture,8369.93,2,0.31,2813.65
540,ORD00540,03-04-2026,04-04-2026,Heather Brown,Home Office,Hyderabad,Furniture,List Fashion,9759.83,2,0.13,-1222.29
541,ORD00541,20-07-2024,22-07-2024,Tom Carson,Consumer,Delhi,Beauty,Activity Fashion,5720.67,7,0.41,319.68
542,ORD00542,20-08-2025,23-08-2025,James Smith,Consumer,Chennai,Beauty,Society Beauty,5408.24,2,0.22,-134.49
543,ORD00543,03-05-2025,05-05-2025,Mary Lewis,Corporate,Hyderabad,Grocery,Machine Grocery,7196.19,4,0.25,723.54
544,ORD00544,25-03-2025,01-04-2025,Shelby Griffin,Home Office,Pune,Fashion,Seek Electronics,5447.23,7,0.3,544.82
545,ORD00545,05-02-2025,12-02-2025,Kathy Pearson,Corporate,Hyderabad,Fashion,Rule Electronics,3849.32,7,0.24,878.02
546,ORD00546,27-06-2024,29-06-2024,Bryan Crane,Home Office,Mumbai,Beauty,Already Electronics,3096.7,10,0.34,797.3
547,ORD00547,18-11-2025,24-11-2025,Lori Webb,Corporate,Bangalore,Electronics,State Electronics,6007.96,6,0.04,-1083.51
548,ORD00548,23-04-2026,29-04-2026,Kristin Jones,Consumer,Bangalore,Fashion,Hit Fashion,2440.96,8,0,109.58
549,ORD00549,25-11-2024,01-12-2024,Cynthia Hood,Corporate,Delhi,Beauty,Foreign Fashion,4494.18,2,0.11,-274.8
550,ORD00550,23-11-2025,28-11-2025,Mary Taylor,Consumer,Pune,Furniture,Ahead Grocery,1707.37,7,0.2,-291.82
551,ORD00551,19-04-2025,21-04-2025,Karen Goodwin,Home Office,Delhi,Furniture,Huge Furniture,307.42,9,0.01,-58.08
552,ORD00552,30-05-2025,03-06-2025,Mark Rivera,Consumer,Hyderabad,Furniture,Race Fashion,4510.55,7,0,754.81
553,ORD00553,30-08-2025,01-09-2025,Brian Valdez,Corporate,Delhi,Electronics,Authority Grocery,2706.04,1,0.34,137.57
554,ORD00554,28-06-2024,02-07-2024,Amy Morris,Consumer,Chennai,Fashion,Poor Grocery,5672.57,5,0.02,948.58
555,ORD00555,07-08-2025,12-08-2025,John Waller,Consumer,Bangalore,Electronics,Least Electronics,2026.62,7,0.49,-381.38
556,ORD00556,25-08-2025,29-08-2025,Larry Lucas,Home Office,Mumbai,Grocery,Billion Fashion,1374.64,4,0.39,134.72
557,ORD00557,27-05-2025,28-05-2025,Kristen Butler,Corporate,Delhi,Grocery,Ready Grocery,8224.12,4,0.46,1476.31
558,ORD00558,21-02-2026,27-02-2026,Danielle Burns,Corporate,Bangalore,Grocery,Myself Grocery,7294.2,3,0.35,-230.44
559,ORD00559,17-05-2024,20-05-2024,Zachary Jackson,Consumer,Delhi,Fashion,Room Fashion,3570.74,4,0.49,-459.85
560,ORD00560,12-01-2025,18-01-2025,Jimmy Martinez,Home Office,Bangalore,Electronics,Be Furniture,9765.39,1,0.21,-1709.59
561,ORD00561,15-11-2024,17-11-2024,Caleb Campbell,Corporate,Hyderabad,Furniture,Kind Furniture,4795.81,2,0.03,1512.56
562,ORD00562,21-03-2025,25-03-2025,Tracie Brown,Corporate,Bangalore,Electronics,Section Grocery,4916.1,5,0.21,652.18
563,ORD00563,22-07-2025,23-07-2025,Eric Shepard,Home Office,Delhi,Grocery,Good Furniture,9160.38,5,0.27,1771.93
564,ORD00564,05-12-2025,11-12-2025,Blake Smith,Home Office,Pune,Electronics,To Electronics,4082.73,1,0.03,474.4
565,ORD00565,15-06-2024,21-06-2024,Ryan Chung,Consumer,Chennai,Grocery,Environment Electronics,7441.28,6,0.23,-297.14
566,ORD00566,25-08-2024,27-08-2024,Andrew Smith,Corporate,Pune,Beauty,Green Furniture,9475.6,8,0.36,2939.08
567,ORD00567,17-12-2025,18-12-2025,Jesse Cunningham,Home Office,Pune,Beauty,Note Furniture,9224.52,9,0.13,464.74
568,ORD00568,14-08-2025,21-08-2025,Jerome Johnson,Home Office,Hyderabad,Electronics,American Electronics,7529.46,2,0.26,645.76
569,ORD00569,15-04-2025,22-04-2025,Bruce Gates,Corporate,Bangalore,Electronics,Be Grocery,9443.88,3,0.28,-1557.35
570,ORD00570,24-04-2025,29-04-2025,Thomas Mercer,Home Office,Chennai,Beauty,Go Grocery,6947.81,8,0.15,-908.74
571,ORD00571,24-09-2025,26-09-2025,Robert Greene,Home Office,Hyderabad,Fashion,Low Fashion,8375.54,8,0.23,2166.31
572,ORD00572,19-02-2025,23-02-2025,Mary Garcia,Consumer,Bangalore,Furniture,Draw Beauty,1257.61,6,0.02,-144.77
573,ORD00573,10-06-2024,12-06-2024,Timothy Golden,Consumer,Chennai,Electronics,Camera Beauty,3596,2,0.44,-163.37
574,ORD00574,15-09-2024,19-09-2024,Heidi Jensen,Corporate,Bangalore,Grocery,Behind Beauty,2682.16,5,0.17,-87.9
575,ORD00575,15-04-2026,16-04-2026,Diana Thompson,Corporate,Pune,Grocery,Ask Beauty,8926.01,4,0.39,511.97
576,ORD00576,01-01-2025,06-01-2025,Robert Dalton,Home Office,Chennai,Electronics,Stay Grocery,2173.98,8,0.06,693.52
577,ORD00577,23-04-2026,28-04-2026,Jeremy Lambert,Home Office,Chennai,Furniture,I Grocery,1931.26,3,0.38,274.81
578,ORD00578,07-12-2024,08-12-2024,Adam Carpenter,Home Office,Bangalore,Electronics,Drug Beauty,6460.93,2,0.45,588.65
579,ORD00579,03-03-2026,05-03-2026,Jessica Chavez,Consumer,Hyderabad,Grocery,Last Beauty,6369.27,3,0.44,-246.21
580,ORD00580,12-03-2026,17-03-2026,Marie Green,Consumer,Mumbai,Grocery,Upon Electronics,9438.46,4,0.48,111.54
581,ORD00581,29-11-2025,04-12-2025,Lisa Evans,Home Office,Delhi,Fashion,Agree Electronics,1282.96,10,0.39,-92.73
582,ORD00582,20-10-2025,21-10-2025,Jennifer Lewis,Home Office,Chennai,Grocery,Leader Grocery,5372.39,6,0.27,438.23
583,ORD00583,17-10-2024,24-10-2024,Robert Santos,Home Office,Chennai,Grocery,Short Fashion,4959.81,10,0.12,-487.94
584,ORD00584,10-03-2025,11-03-2025,Diana Terry,Consumer,Mumbai,Beauty,Unit Electronics,7738.85,5,0.46,-210.04
585,ORD00585,22-07-2025,29-07-2025,Kevin Martin,Consumer,Chennai,Furniture,Along Beauty,7188.83,2,0.33,-731.83
586,ORD00586,05-02-2025,10-02-2025,Louis Hawkins,Home Office,Mumbai,Furniture,Especially Electronics,8318.09,5,0.01,-696.18
587,ORD00587,19-12-2025,24-12-2025,Martin Jefferson,Home Office,Bangalore,Grocery,Read Beauty,9469.18,7,0.02,3075.84
588,ORD00588,22-08-2025,28-08-2025,Katie Griffin,Consumer,Pune,Grocery,Happy Electronics,4213.31,2,0.03,-653.82
589,ORD00589,25-10-2025,27-10-2025,Mr. Bobby Coleman,Consumer,Hyderabad,Fashion,Radio Grocery,6511.15,2,0.21,818.82
590,ORD00590,24-11-2025,28-11-2025,Angela Whitaker,Consumer,Mumbai,Furniture,Free Fashion,2430.74,3,0.22,-155.46
591,ORD00591,24-02-2026,02-03-2026,Sharon Park,Corporate,Delhi,Beauty,Born Fashion,7533.99,2,0.11,2471.54
592,ORD00592,24-04-2026,28-04-2026,Sheryl Johnson,Home Office,Delhi,Electronics,Quality Grocery,2491.71,8,0.15,-484.6
593,ORD00593,23-09-2025,26-09-2025,Rachel Rich,Corporate,Mumbai,Beauty,Party Furniture,3151.88,1,0.12,-88.64
594,ORD00594,13-01-2026,15-01-2026,Frederick Harris,Consumer,Chennai,Electronics,Piece Furniture,6080.03,2,0.33,-515.87
595,ORD00595,24-06-2024,29-06-2024,Nicholas Page,Home Office,Delhi,Beauty,Ready Fashion,7017.68,4,0.12,393.38
596,ORD00596,13-12-2024,14-12-2024,Thomas Tran,Home Office,Mumbai,Furniture,Through Grocery,5890.74,1,0.16,594.72
597,ORD00597,18-10-2024,20-10-2024,Sean Montgomery,Consumer,Mumbai,Furniture,Before Electronics,7579.46,9,0.11,1777.08
598,ORD00598,01-08-2025,04-08-2025,Sarah Mccoy,Corporate,Pune,Grocery,Letter Beauty,3442.55,9,0.36,428
599,ORD00599,08-08-2024,12-08-2024,Joseph Kemp,Corporate,Mumbai,Fashion,Second Electronics,4062.33,4,0.42,578.92
600,ORD00600,28-06-2025,30-06-2025,Matthew Newman,Home Office,Delhi,Fashion,Theory Beauty,5333.03,2,0.46,1135.93
601,ORD00601,14-07-2025,17-07-2025,Cody Roth,Consumer,Delhi,Grocery,Agent Fashion,5303.15,5,0.27,-1013.86
602,ORD00602,19-05-2025,20-05-2025,Dustin Thomas,Home Office,Pune,Grocery,Often Fashion,7860.6,6,0.32,1432.13
603,ORD00603,11-08-2025,13-08-2025,Joan Bates,Home Office,Delhi,Furniture,Source Beauty,8423.48,4,0.34,-481.46
604,ORD00604,05-05-2026,07-05-2026,Joseph Cruz,Consumer,Mumbai,Furniture,Ok Electronics,8809.9,9,0.09,1328.58
605,ORD00605,20-05-2025,21-05-2025,Rebecca Gay,Consumer,Hyderabad,Electronics,Must Electronics,1303.89,8,0.14,39.42
606,ORD00606,14-10-2024,18-10-2024,Jordan Klein,Corporate,Chennai,Beauty,They Fashion,3004.81,8,0.45,926.27
607,ORD00607,29-04-2026,30-04-2026,Christopher Simmons,Corporate,Pune,Furniture,Sense Grocery,4659.36,10,0.35,1367.46
608,ORD00608,11-10-2025,15-10-2025,Abigail Frank,Corporate,Delhi,Furniture,Teacher Furniture,5484.44,5,0.44,398.83
609,ORD00609,17-03-2025,23-03-2025,Justin Vazquez,Corporate,Chennai,Furniture,Fight Fashion,8089.71,9,0.04,277.93
610,ORD00610,14-10-2024,18-10-2024,Julian Wolfe,Consumer,Mumbai,Furniture,Share Beauty,2477.68,1,0.06,128.61
611,ORD00611,21-06-2025,28-06-2025,Richard Miller,Home Office,Mumbai,Fashion,Team Electronics,3048.87,8,0.11,-60.2
612,ORD00612,08-07-2024,13-07-2024,Ann Riddle,Corporate,Hyderabad,Electronics,Notice Electronics,5755.61,6,0.11,503.24
613,ORD00613,11-12-2024,18-12-2024,Kyle Edwards,Consumer,Mumbai,Beauty,Address Furniture,6676.65,8,0.03,501.66
614,ORD00614,16-12-2024,17-12-2024,Dustin Curtis,Consumer,Pune,Electronics,Positive Electronics,6088.76,5,0.25,-1138.88
615,ORD00615,04-12-2025,06-12-2025,Lawrence Cross,Consumer,Hyderabad,Beauty,Up Beauty,8335.58,9,0.33,104.53
616,ORD00616,23-03-2026,28-03-2026,Michael Mccann,Consumer,Pune,Fashion,Stock Electronics,9716.43,10,0.26,-781.85
617,ORD00617,20-01-2026,23-01-2026,Jill Burch,Consumer,Mumbai,Beauty,Cold Electronics,4407.02,2,0.43,1249.55
618,ORD00618,13-02-2026,14-02-2026,William Edwards,Corporate,Bangalore,Beauty,Official Furniture,4535.15,6,0.16,346.55
619,ORD00619,26-07-2025,01-08-2025,William Kelly,Corporate,Delhi,Fashion,Year Beauty,1180.56,2,0.05,219.55
620,ORD00620,10-09-2024,11-09-2024,John Wood,Home Office,Bangalore,Fashion,Stay Electronics,2906.23,1,0.03,-212.12
621,ORD00621,05-05-2026,06-05-2026,Shannon Smith,Consumer,Mumbai,Beauty,Partner Fashion,9946.06,2,0.05,-820.75
622,ORD00622,14-05-2025,15-05-2025,Lori Harris,Corporate,Pune,Furniture,Part Beauty,1226,10,0.48,191.28
623,ORD00623,17-03-2025,23-03-2025,Joseph Lowe,Home Office,Hyderabad,Beauty,Popular Beauty,1197.27,1,0.22,357.63
624,ORD00624,22-10-2025,28-10-2025,Nicole Rodgers,Corporate,Mumbai,Beauty,Might Grocery,8858.11,2,0.27,53.72
625,ORD00625,05-11-2024,12-11-2024,Whitney Brooks,Corporate,Pune,Grocery,Total Furniture,9813.9,10,0.39,-1126.21
626,ORD00626,20-09-2024,27-09-2024,Rachel Lucas,Corporate,Delhi,Furniture,Recognize Furniture,3705.04,8,0.45,408.62
627,ORD00627,15-12-2025,16-12-2025,James Yates,Consumer,Hyderabad,Furniture,Performance Furniture,8920.97,8,0.34,-1081.83
628,ORD00628,19-07-2024,20-07-2024,Krista Myers,Corporate,Mumbai,Beauty,Drive Furniture,7161.46,10,0.3,13.43
629,ORD00629,26-01-2025,27-01-2025,Marcia Santiago,Home Office,Hyderabad,Fashion,Exactly Furniture,106.71,8,0.3,7.73
630,ORD00630,15-12-2024,16-12-2024,Christopher Valdez,Corporate,Pune,Furniture,Money Beauty,4687.29,9,0.03,445.28
631,ORD00631,08-03-2026,10-03-2026,Ashley Snyder,Home Office,Bangalore,Electronics,Break Beauty,9530.66,8,0.2,-116.35
632,ORD00632,11-03-2025,12-03-2025,Gabriel Jefferson,Consumer,Chennai,Electronics,Bad Furniture,5707.99,9,0.34,-197.32
633,ORD00633,16-06-2025,23-06-2025,Richard Martin,Consumer,Bangalore,Grocery,Perhaps Grocery,3765.62,9,0.08,839.49
634,ORD00634,08-10-2024,09-10-2024,Patrick Jackson,Home Office,Hyderabad,Grocery,Need Electronics,9536.23,2,0.35,-197.34
635,ORD00635,07-02-2025,11-02-2025,Patricia Baker,Consumer,Pune,Furniture,Event Furniture,4693.71,10,0.37,896.9
636,ORD00636,05-06-2025,09-06-2025,Jack Duran,Corporate,Pune,Electronics,Mr Furniture,2243.73,2,0.02,342.69
637,ORD00637,20-12-2025,25-12-2025,Mr. Mike Evans,Corporate,Chennai,Furniture,Agree Fashion,9546.73,8,0.47,454.82
638,ORD00638,27-12-2025,31-12-2025,Gregory Hardin,Corporate,Delhi,Furniture,That Grocery,4972.82,6,0.19,186.45
639,ORD00639,24-07-2025,30-07-2025,Joseph Watson,Corporate,Delhi,Furniture,Century Fashion,1488.26,8,0.14,210.2
640,ORD00640,19-02-2025,26-02-2025,Laura Price,Consumer,Chennai,Furniture,Push Electronics,8531.01,6,0.31,-579.91
641,ORD00641,24-12-2025,29-12-2025,Kathryn Gardner,Home Office,Mumbai,Furniture,Great Fashion,9079.67,1,0.09,-786.85
642,ORD00642,11-04-2026,12-04-2026,Anthony Rogers,Home Office,Bangalore,Fashion,Agent Electronics,7744.05,4,0.01,2514.37
643,ORD00643,31-07-2024,04-08-2024,Mary Martinez,Corporate,Delhi,Grocery,Fight Fashion,5912.37,7,0.41,306.55
644,ORD00644,07-04-2025,14-04-2025,Wendy Macias,Home Office,Bangalore,Electronics,Left Electronics,7574.12,2,0.42,907.79
645,ORD00645,29-11-2024,01-12-2024,Dawn Snyder,Consumer,Hyderabad,Fashion,Of Electronics,8791.97,3,0.31,-1547
646,ORD00646,10-10-2024,12-10-2024,Cameron Kline,Consumer,Delhi,Grocery,Model Grocery,5252.6,10,0.29,775.42
647,ORD00647,17-01-2025,23-01-2025,Jessica Fleming,Consumer,Mumbai,Beauty,Pay Beauty,4246.96,1,0.39,1209.76
648,ORD00648,30-10-2025,31-10-2025,Jane Massey,Home Office,Bangalore,Beauty,Boy Furniture,2412.43,4,0.08,-1.14
649,ORD00649,12-08-2024,15-08-2024,Tony Williams,Consumer,Chennai,Fashion,Central Electronics,8088.69,5,0.04,-1523.71
650,ORD00650,01-01-2025,05-01-2025,Emily Rodriguez,Consumer,Mumbai,Grocery,Cut Furniture,1630.24,8,0.32,-40.29
651,ORD00651,25-02-2025,02-03-2025,Peter Hart,Consumer,Bangalore,Beauty,Project Grocery,7207.65,10,0.4,-1209.72
652,ORD00652,12-05-2025,14-05-2025,Dean Taylor,Home Office,Mumbai,Grocery,Sign Fashion,9093.46,6,0.09,-541.07
653,ORD00653,19-04-2025,25-04-2025,Kyle Ayers,Consumer,Chennai,Electronics,Hear Fashion,2869.3,8,0.15,451.96
654,ORD00654,25-05-2025,27-05-2025,Dawn Gallagher,Consumer,Pune,Grocery,At Beauty,6236.48,2,0.16,1792.05
655,ORD00655,22-03-2025,28-03-2025,Hector Johnson,Corporate,Hyderabad,Grocery,Easy Grocery,9554.24,1,0.2,2001.17
656,ORD00656,27-07-2025,03-08-2025,Theresa Chambers,Consumer,Delhi,Beauty,Any Beauty,9311.64,5,0.44,-364.64
657,ORD00657,04-09-2025,10-09-2025,Johnathan Wallace,Corporate,Pune,Fashion,Not Fashion,8361.81,10,0.29,562.54
658,ORD00658,17-09-2024,20-09-2024,Renee Charles,Home Office,Hyderabad,Furniture,Show Fashion,2027.17,7,0.05,-134.66
659,ORD00659,22-02-2026,01-03-2026,Anna Jones,Consumer,Delhi,Furniture,Individual Fashion,4025.08,3,0.49,-265.01
660,ORD00660,13-07-2024,18-07-2024,Anthony Vasquez,Home Office,Pune,Beauty,Peace Beauty,8825.78,5,0.38,-824.29
661,ORD00661,24-01-2025,25-01-2025,Traci Brooks,Corporate,Chennai,Grocery,Price Fashion,1244.85,6,0.17,384.95
662,ORD00662,29-12-2025,03-01-2026,Juan Walters,Consumer,Pune,Fashion,Would Fashion,9075.87,10,0.36,2759.75
663,ORD00663,13-09-2024,20-09-2024,Jason Cox,Home Office,Pune,Electronics,Than Beauty,858.16,10,0.24,123.24
664,ORD00664,19-11-2025,23-11-2025,Sheila Pierce,Consumer,Mumbai,Fashion,Usually Electronics,5500.22,2,0.2,-359.26
665,ORD00665,03-08-2024,08-08-2024,Mary Cain,Consumer,Chennai,Grocery,Phone Grocery,7722.09,3,0.49,2259.15
666,ORD00666,09-07-2025,14-07-2025,Jim Cordova,Consumer,Mumbai,Beauty,Less Grocery,4436.47,9,0.43,801.21
667,ORD00667,26-06-2025,30-06-2025,Evan Reid,Consumer,Pune,Grocery,System Furniture,8543.75,2,0.39,2819.74
668,ORD00668,20-05-2025,27-05-2025,Christopher Rice,Home Office,Mumbai,Fashion,Purpose Electronics,7298.49,6,0.12,473.79
669,ORD00669,10-05-2024,17-05-2024,Lindsay Ryan,Home Office,Chennai,Electronics,Trade Fashion,1534.46,2,0.15,134.62
670,ORD00670,04-06-2024,10-06-2024,Katelyn Bell DDS,Corporate,Pune,Electronics,Agent Fashion,115.6,7,0.47,17.99
671,ORD00671,11-03-2026,15-03-2026,Shannon Ryan,Consumer,Pune,Electronics,Part Electronics,589.33,8,0.03,93.01
672,ORD00672,03-10-2024,08-10-2024,Craig Hall,Corporate,Mumbai,Furniture,Whom Fashion,2435.02,10,0.01,328.37
673,ORD00673,24-04-2026,29-04-2026,Antonio Garcia,Consumer,Hyderabad,Fashion,Leave Fashion,1096.69,3,0.42,333.46
674,ORD00674,31-03-2025,05-04-2025,Henry Adams,Home Office,Delhi,Electronics,See Electronics,9721.87,1,0.26,283.51
675,ORD00675,31-01-2025,06-02-2025,Anna Fletcher,Corporate,Pune,Grocery,North Grocery,7132.33,7,0.14,1615.99
676,ORD00676,10-08-2025,13-08-2025,Christina Brown,Corporate,Hyderabad,Furniture,War Grocery,1036.2,4,0.32,-162.41
677,ORD00677,20-08-2025,21-08-2025,Robert Ferguson,Consumer,Bangalore,Beauty,Large Beauty,6217.24,7,0.18,705.02
678,ORD00678,24-02-2026,26-02-2026,Charles Robinson,Corporate,Delhi,Grocery,Vote Electronics,4861.08,6,0.12,-372.76
679,ORD00679,30-01-2026,02-02-2026,Christopher English,Consumer,Pune,Furniture,Large Beauty,7582.78,10,0.17,-812.12
680,ORD00680,09-12-2025,13-12-2025,Curtis Vaughn,Corporate,Mumbai,Fashion,Short Grocery,5302.22,8,0.07,893.2
681,ORD00681,09-11-2024,14-11-2024,Robert West,Home Office,Pune,Furniture,Audience Beauty,9064.34,8,0.15,2278.94
682,ORD00682,19-08-2024,20-08-2024,Jessica Thompson,Home Office,Hyderabad,Fashion,Down Grocery,9565.42,1,0.35,-683.49
683,ORD00683,11-04-2026,12-04-2026,Rebecca Murray,Corporate,Chennai,Furniture,Exist Fashion,1284.04,5,0.25,-227.24
684,ORD00684,07-06-2024,09-06-2024,Terry Hopkins,Home Office,Chennai,Fashion,West Fashion,8896.33,2,0.31,1644.48
685,ORD00685,11-04-2025,17-04-2025,David Hamilton,Corporate,Delhi,Fashion,Agency Furniture,3046.12,1,0.47,966.84
686,ORD00686,07-12-2024,11-12-2024,Taylor Maldonado,Home Office,Delhi,Fashion,Young Furniture,7783.71,4,0.31,-1304.01
687,ORD00687,05-04-2025,10-04-2025,Gregory Decker,Corporate,Bangalore,Grocery,Owner Furniture,9001.63,3,0.13,2813.01
688,ORD00688,24-05-2025,30-05-2025,Carol Williams,Corporate,Pune,Electronics,Six Fashion,785.65,8,0.34,46.2
689,ORD00689,23-11-2025,24-11-2025,Frederick Delgado,Corporate,Mumbai,Beauty,Word Grocery,7937.76,3,0.3,-327.08
690,ORD00690,24-06-2024,27-06-2024,Eric Hardy,Consumer,Mumbai,Grocery,Enough Grocery,6409.54,8,0.3,1927.81
691,ORD00691,17-06-2024,18-06-2024,Omar Clarke,Corporate,Pune,Furniture,Could Grocery,9209.27,7,0.35,-887.63
692,ORD00692,29-10-2025,02-11-2025,Jeffrey Turner,Corporate,Pune,Furniture,Ago Grocery,3701.81,6,0.43,-265.3
693,ORD00693,18-09-2024,25-09-2024,Sarah Wallace,Home Office,Chennai,Fashion,Itself Beauty,5934.96,4,0.43,78.33
694,ORD00694,19-12-2024,23-12-2024,Kirsten Morris,Home Office,Delhi,Grocery,Career Beauty,2302.43,6,0.1,-225.87
695,ORD00695,03-07-2025,10-07-2025,Jesus Alvarado,Home Office,Hyderabad,Grocery,Music Beauty,733.66,2,0.39,216.29
696,ORD00696,21-10-2024,27-10-2024,Madison Hood,Corporate,Pune,Furniture,Know Electronics,4899.9,1,0.31,-294.45
697,ORD00697,03-04-2026,06-04-2026,Brian Contreras,Consumer,Bangalore,Fashion,Issue Grocery,5418.8,10,0.13,-86.53
698,ORD00698,10-09-2025,16-09-2025,Shane Hill,Corporate,Hyderabad,Grocery,Rise Electronics,5540.92,6,0.2,316.23
699,ORD00699,22-07-2025,29-07-2025,Elizabeth Boone,Home Office,Bangalore,Beauty,Clear Grocery,9803.96,4,0.33,2853.76
700,ORD00700,20-12-2024,22-12-2024,Sabrina Sims,Consumer,Delhi,Grocery,Part Electronics,1402.46,9,0.33,353.59
701,ORD00701,17-07-2025,23-07-2025,Leah Hernandez,Corporate,Pune,Beauty,Town Electronics,9605.9,7,0.19,2987.77
702,ORD00702,18-08-2025,23-08-2025,Brian Stevens,Consumer,Chennai,Electronics,To Fashion,917.12,8,0.12,220.23
703,ORD00703,14-12-2025,18-12-2025,Barbara Perez,Corporate,Delhi,Grocery,Ability Grocery,1459.52,6,0.35,-66.73
704,ORD00704,29-08-2024,05-09-2024,John Moreno,Corporate,Bangalore,Beauty,When Electronics,4746.89,7,0.35,1125.6
705,ORD00705,07-11-2025,11-11-2025,Nicholas Robinson,Home Office,Bangalore,Beauty,Teacher Grocery,3807.25,8,0.42,-26.03
706,ORD00706,03-08-2025,06-08-2025,Linda Stephens,Home Office,Pune,Beauty,Any Fashion,4010.38,8,0.21,1182.47
707,ORD00707,23-04-2025,25-04-2025,Patricia Wall,Corporate,Chennai,Beauty,How Furniture,7734.95,6,0.27,-248.73
708,ORD00708,10-03-2025,13-03-2025,Catherine Mitchell,Home Office,Hyderabad,Grocery,Beyond Beauty,3033.96,7,0.04,242.7
709,ORD00709,23-06-2024,30-06-2024,Shawn Taylor,Consumer,Delhi,Beauty,Way Fashion,9176.39,2,0.2,1516.5
710,ORD00710,11-10-2024,16-10-2024,Stephanie Young,Corporate,Mumbai,Electronics,Concern Grocery,7787.39,5,0.25,-156.5
711,ORD00711,13-06-2024,16-06-2024,Trevor King,Consumer,Delhi,Beauty,Cover Electronics,8670.71,2,0.09,1603.32
712,ORD00712,05-04-2025,09-04-2025,Ashley Spencer,Home Office,Bangalore,Electronics,Around Grocery,6356.21,6,0.11,-800.43
713,ORD00713,04-12-2025,05-12-2025,Caitlin Davis,Consumer,Delhi,Fashion,Development Fashion,9598.27,4,0.49,-285.61
714,ORD00714,28-09-2025,30-09-2025,Robert Bright,Consumer,Hyderabad,Fashion,Know Grocery,7224.46,9,0.01,-1063.36
715,ORD00715,17-05-2025,19-05-2025,Brian White,Home Office,Bangalore,Furniture,Material Furniture,5029.91,2,0.13,105.13
716,ORD00716,16-07-2025,18-07-2025,Tammy Hart,Consumer,Bangalore,Furniture,Land Fashion,7435.81,6,0.4,2431.71
717,ORD00717,21-10-2025,23-10-2025,Christopher Walker,Corporate,Delhi,Grocery,Citizen Electronics,7387.08,8,0.25,944.01
718,ORD00718,23-05-2025,30-05-2025,Tina Owens,Home Office,Hyderabad,Furniture,Whether Grocery,4851.96,3,0.02,1151.57
719,ORD00719,01-06-2025,07-06-2025,Johnny Williams,Home Office,Pune,Fashion,Go Fashion,743.25,8,0.15,230.34
720,ORD00720,16-05-2024,23-05-2024,Emily Harris,Corporate,Mumbai,Beauty,Stand Fashion,7177.22,6,0.38,2374.38
721,ORD00721,20-10-2024,23-10-2024,Joshua Elliott,Corporate,Mumbai,Furniture,Term Beauty,5328.58,3,0.3,43.03
722,ORD00722,12-09-2025,18-09-2025,Christopher Torres,Consumer,Delhi,Electronics,Job Grocery,4187.58,8,0.12,1347.14
723,ORD00723,30-07-2025,01-08-2025,William Hughes,Home Office,Chennai,Grocery,Surface Grocery,6753.56,8,0.16,-780.76
724,ORD00724,15-06-2024,22-06-2024,Robert Manning,Corporate,Mumbai,Furniture,Together Beauty,5843.63,4,0.36,1205.19
725,ORD00725,19-03-2026,25-03-2026,Christine Wells,Home Office,Hyderabad,Grocery,Person Grocery,1365.34,7,0.17,223.62
726,ORD00726,10-04-2025,16-04-2025,Amy Fuller,Corporate,Delhi,Fashion,When Electronics,7032.06,5,0.28,290.7
727,ORD00727,09-03-2025,14-03-2025,Evelyn Coleman,Corporate,Chennai,Fashion,Play Beauty,8317.94,7,0.29,1372.55
728,ORD00728,09-03-2025,12-03-2025,Katherine Rodriguez,Consumer,Delhi,Grocery,Bad Beauty,7295.55,10,0.49,-852.97
729,ORD00729,09-09-2024,14-09-2024,Tina Holder,Consumer,Delhi,Beauty,Voice Furniture,1557.98,2,0.14,-72.19
730,ORD00730,26-03-2025,01-04-2025,Kristen Ellison,Consumer,Hyderabad,Electronics,Opportunity Grocery,4006.64,9,0.44,327.06
731,ORD00731,14-04-2026,21-04-2026,Kristina Shah DVM,Corporate,Mumbai,Electronics,Magazine Fashion,6556.48,4,0.26,386.36
732,ORD00732,18-05-2025,25-05-2025,John Cook,Corporate,Bangalore,Electronics,Development Fashion,8407.26,3,0.01,126.25
733,ORD00733,13-12-2025,16-12-2025,Maria Holt MD,Consumer,Chennai,Electronics,Someone Beauty,4090.57,4,0.03,-31.63
734,ORD00734,24-01-2025,27-01-2025,William Morrow,Consumer,Pune,Electronics,Choice Furniture,813.11,8,0.06,244.76
735,ORD00735,28-12-2024,02-01-2025,Scott Hensley,Corporate,Hyderabad,Fashion,Marriage Grocery,5595.81,2,0.24,-487.54
736,ORD00736,09-05-2024,13-05-2024,Anthony Mason,Consumer,Hyderabad,Grocery,I Fashion,9308.27,2,0.36,1814.53
737,ORD00737,03-08-2024,04-08-2024,Andre Moore,Consumer,Delhi,Furniture,Some Fashion,3818.44,8,0.41,1272.75
738,ORD00738,30-08-2024,03-09-2024,Peter Torres,Consumer,Delhi,Beauty,Doctor Electronics,7997.25,3,0.15,2401.74
739,ORD00739,01-05-2026,05-05-2026,Sheila Holt MD,Corporate,Mumbai,Furniture,Recent Beauty,3062.35,8,0.18,1037.72
740,ORD00740,02-07-2024,03-07-2024,Lori King,Corporate,Bangalore,Furniture,Buy Beauty,1836.06,1,0.37,477.22
741,ORD00741,13-12-2024,17-12-2024,Whitney Martin,Home Office,Delhi,Furniture,Science Electronics,1915.71,1,0,-132.97
742,ORD00742,17-07-2024,22-07-2024,Andrew Guerra,Home Office,Mumbai,Grocery,Skin Grocery,3923.98,6,0.4,681.48
743,ORD00743,15-08-2025,18-08-2025,Miranda Brown,Corporate,Bangalore,Beauty,Them Furniture,5461.99,3,0.25,203.82
744,ORD00744,15-11-2025,20-11-2025,Michael Stevens,Home Office,Mumbai,Fashion,And Beauty,1312.53,3,0.21,315.7
745,ORD00745,02-09-2025,04-09-2025,Sophia Smith,Corporate,Bangalore,Beauty,Certain Furniture,4205.15,8,0.27,591.28
746,ORD00746,11-08-2025,15-08-2025,Donna Hughes,Corporate,Bangalore,Beauty,Goal Fashion,1637.44,10,0.2,471.98
747,ORD00747,19-05-2024,25-05-2024,Sarah Williams,Home Office,Delhi,Grocery,Situation Fashion,9273.32,7,0.09,-573.12
748,ORD00748,02-09-2025,04-09-2025,Nancy Smith,Home Office,Mumbai,Furniture,Just Furniture,1007.1,1,0.12,-157.35
749,ORD00749,05-01-2025,06-01-2025,Roberto Jackson,Corporate,Hyderabad,Furniture,Camera Fashion,8855.1,2,0.43,1038.45
750,ORD00750,18-11-2025,22-11-2025,Aaron Hernandez,Corporate,Delhi,Grocery,Coach Electronics,2719.95,2,0.13,-359.82
751,ORD00751,18-10-2025,20-10-2025,Jorge Webb,Corporate,Pune,Beauty,Fish Furniture,767.44,10,0.47,126.6
752,ORD00752,12-09-2025,18-09-2025,Alejandro Padilla,Corporate,Bangalore,Fashion,Single Electronics,3261.06,3,0.45,1137.13
753,ORD00753,02-01-2025,07-01-2025,Anthony Cooper,Corporate,Chennai,Beauty,Light Fashion,3488.81,5,0.5,-5.03
754,ORD00754,26-11-2025,27-11-2025,Kevin Garcia,Home Office,Chennai,Grocery,Yeah Grocery,4287.97,2,0.47,595.02
755,ORD00755,07-07-2024,13-07-2024,Chris Collins,Consumer,Mumbai,Electronics,Back Beauty,8488.39,6,0.01,1850.52
756,ORD00756,07-09-2024,11-09-2024,Karen Montgomery,Corporate,Mumbai,Electronics,Recently Beauty,3583.68,3,0.36,-81.01
757,ORD00757,10-11-2024,12-11-2024,Holly Kelley,Consumer,Mumbai,Electronics,Break Beauty,8119.42,7,0.1,2446.29
758,ORD00758,11-07-2025,13-07-2025,Jennifer Robinson,Home Office,Chennai,Furniture,Of Beauty,9480.45,3,0.46,560.21
759,ORD00759,24-06-2024,30-06-2024,Tammy Santos,Consumer,Hyderabad,Furniture,Small Grocery,183.87,7,0.44,-9.61
760,ORD00760,11-03-2025,12-03-2025,Chelsea Erickson,Consumer,Mumbai,Beauty,Interview Electronics,4010.7,8,0.27,666.4
761,ORD00761,15-07-2024,16-07-2024,Heather Allen,Consumer,Delhi,Electronics,Down Electronics,1936.15,4,0.32,415.74
762,ORD00762,28-04-2026,04-05-2026,Melissa Miller,Corporate,Bangalore,Grocery,Bit Grocery,8337.61,1,0.25,1691.9
763,ORD00763,14-04-2025,16-04-2025,Crystal Johnson,Corporate,Pune,Beauty,Six Beauty,2722.45,9,0.24,253.5
764,ORD00764,22-02-2026,24-02-2026,Randall Smith,Home Office,Chennai,Furniture,Pm Beauty,5537.31,2,0.23,-563.3
765,ORD00765,28-11-2024,02-12-2024,Richard Clark,Home Office,Delhi,Fashion,Wide Furniture,1684.24,8,0.34,23.38
766,ORD00766,02-09-2025,08-09-2025,Brittany Mccoy,Consumer,Hyderabad,Furniture,Top Fashion,8885.7,4,0.42,231.45
767,ORD00767,11-03-2026,13-03-2026,Michelle Flores,Consumer,Pune,Grocery,Design Furniture,3977.94,9,0.03,791.91
768,ORD00768,01-06-2024,02-06-2024,Carlos Tate,Corporate,Hyderabad,Furniture,Spring Fashion,2909.72,9,0.01,-451.37
769,ORD00769,31-03-2025,04-04-2025,Sabrina Martin,Consumer,Mumbai,Fashion,Purpose Beauty,2890,2,0.23,-507.75
770,ORD00770,07-08-2025,08-08-2025,Daniel Sanchez,Home Office,Delhi,Grocery,Letter Grocery,1291.06,8,0.25,-137.89
771,ORD00771,19-02-2026,26-02-2026,Lauren Jordan,Corporate,Mumbai,Beauty,Western Fashion,7572.26,3,0.01,1943.88
772,ORD00772,22-03-2026,29-03-2026,Randy Hamilton,Corporate,Chennai,Furniture,Bill Furniture,8778.31,8,0.38,2996.39
773,ORD00773,28-09-2024,02-10-2024,Marcus Sullivan,Consumer,Delhi,Beauty,Number Beauty,5647.19,7,0.19,787.65
774,ORD00774,27-03-2025,28-03-2025,David Meyer,Consumer,Mumbai,Furniture,Thus Grocery,2836.6,2,0.32,614.4
775,ORD00775,15-10-2024,21-10-2024,Nicholas Page,Consumer,Delhi,Electronics,Since Electronics,5446.86,8,0.29,457.76
776,ORD00776,19-09-2025,24-09-2025,Devin Davis,Corporate,Bangalore,Electronics,Front Beauty,6052.61,6,0.1,1896.65
777,ORD00777,13-11-2025,14-11-2025,Marc Mcneil,Home Office,Bangalore,Electronics,Particularly Grocery,3290.45,9,0.32,925.52
778,ORD00778,23-04-2026,30-04-2026,Bobby Williams,Corporate,Bangalore,Furniture,Several Furniture,9674.14,2,0.3,-604.34
779,ORD00779,25-06-2025,27-06-2025,Jennifer Martinez,Corporate,Pune,Fashion,First Beauty,501.85,3,0.34,162.66
780,ORD00780,05-02-2025,11-02-2025,Miguel Gentry,Corporate,Bangalore,Beauty,Father Grocery,3960.97,6,0.11,1105.49
781,ORD00781,21-08-2025,22-08-2025,Sandra Burton,Home Office,Chennai,Electronics,With Electronics,2598.26,6,0.4,-285.01
782,ORD00782,12-01-2025,19-01-2025,Joseph Adkins,Consumer,Hyderabad,Electronics,Close Furniture,9159.12,6,0.16,1013.18
783,ORD00783,13-03-2026,14-03-2026,John Kim,Home Office,Chennai,Fashion,Staff Electronics,3314.58,3,0.49,1069.57
784,ORD00784,11-05-2025,14-05-2025,Stephen Taylor,Consumer,Mumbai,Fashion,Wonder Fashion,5237.55,1,0.04,-831.65
785,ORD00785,27-02-2026,04-03-2026,Alec Ellis DDS,Home Office,Delhi,Furniture,Unit Electronics,2134.66,7,0.47,141.16
786,ORD00786,07-06-2024,09-06-2024,Amber Robertson,Home Office,Mumbai,Grocery,Message Fashion,4745.44,6,0.12,-232.59
787,ORD00787,20-01-2026,25-01-2026,Keith Miles,Corporate,Hyderabad,Grocery,Write Furniture,4626.37,2,0.13,1068.08
788,ORD00788,14-08-2025,18-08-2025,Justin Santiago,Consumer,Bangalore,Beauty,Car Grocery,3493.73,10,0.11,207.53
789,ORD00789,02-12-2025,08-12-2025,Jeffrey Pierce,Home Office,Delhi,Beauty,Reduce Furniture,4763.77,10,0.26,459.73
790,ORD00790,21-05-2024,22-05-2024,James Williams,Home Office,Pune,Furniture,Indicate Furniture,2635.12,10,0.03,90.47
791,ORD00791,29-04-2025,03-05-2025,Jeffrey Sutton,Corporate,Mumbai,Grocery,High Furniture,1449.02,9,0.27,109.79
792,ORD00792,23-02-2025,26-02-2025,Alyssa Bryant,Home Office,Delhi,Furniture,Later Grocery,9489.26,2,0.34,-404.38
793,ORD00793,01-10-2024,02-10-2024,Michael Allen,Consumer,Pune,Furniture,Area Beauty,3633.82,4,0.38,208.71
794,ORD00794,20-02-2025,21-02-2025,Sandra Murphy,Home Office,Hyderabad,Grocery,While Fashion,1299.21,3,0.45,-147.4
795,ORD00795,17-09-2024,24-09-2024,Samantha Farrell,Consumer,Mumbai,Grocery,Image Electronics,5354.63,6,0.1,1578.73
796,ORD00796,16-12-2024,20-12-2024,John Butler,Corporate,Bangalore,Grocery,Four Fashion,6870.92,2,0.43,-752.22
797,ORD00797,27-06-2024,02-07-2024,Colleen Maxwell,Corporate,Hyderabad,Furniture,Health Grocery,8213.21,6,0.06,1867.2
798,ORD00798,20-04-2025,23-04-2025,Tracy Garcia,Corporate,Bangalore,Electronics,To Electronics,9364.56,6,0.46,829.71
799,ORD00799,05-05-2025,06-05-2025,Emily Conrad,Corporate,Chennai,Fashion,Her Fashion,7097.33,6,0.13,515.88
800,ORD00800,24-07-2025,30-07-2025,Jeffrey Mendez,Corporate,Hyderabad,Electronics,Appear Fashion,3791.37,8,0.06,528.01
801,ORD00801,17-09-2025,18-09-2025,Blake Haas,Corporate,Mumbai,Furniture,Cost Beauty,8816.02,4,0.2,-578.24
802,ORD00802,01-03-2026,06-03-2026,Tara Orr,Consumer,Bangalore,Beauty,Body Furniture,3479.11,6,0.29,869.87
803,ORD00803,24-02-2025,28-02-2025,Michelle Williams,Corporate,Pune,Furniture,Financial Fashion,4871.47,6,0.21,-476.64
804,ORD00804,14-01-2026,17-01-2026,Ashley Pugh,Corporate,Hyderabad,Beauty,Whatever Furniture,1715.06,8,0.13,396.6
805,ORD00805,21-03-2025,26-03-2025,Cheryl Carroll,Corporate,Chennai,Furniture,Artist Beauty,6630.47,3,0.39,-682.23
806,ORD00806,14-02-2026,18-02-2026,James Horne,Corporate,Bangalore,Grocery,Position Grocery,1612.23,8,0.37,446.16
807,ORD00807,30-06-2024,05-07-2024,Monique Armstrong,Consumer,Mumbai,Furniture,Effort Electronics,742.04,8,0.41,-106.35
808,ORD00808,26-08-2024,31-08-2024,Stacey Pace,Home Office,Chennai,Furniture,Huge Furniture,3390.64,6,0.23,-327.49
809,ORD00809,18-12-2024,23-12-2024,Ashlee Peterson,Home Office,Bangalore,Fashion,Contain Furniture,1984.3,1,0.26,-395.52
810,ORD00810,05-04-2026,06-04-2026,Megan Smith,Home Office,Delhi,Fashion,What Furniture,2400.59,9,0.04,797.82
811,ORD00811,11-06-2025,16-06-2025,Jean Franklin,Corporate,Delhi,Grocery,Even Electronics,4381.93,7,0.1,1194.52
812,ORD00812,21-02-2026,23-02-2026,Amy Zimmerman,Corporate,Chennai,Fashion,Laugh Electronics,3022.23,6,0.09,839.2
813,ORD00813,09-12-2025,13-12-2025,Joshua Hicks,Consumer,Hyderabad,Fashion,New Grocery,5771.86,1,0.38,930.73
814,ORD00814,17-01-2025,21-01-2025,Anthony Hodges,Corporate,Mumbai,Fashion,Outside Grocery,8872.36,10,0.21,260.4
815,ORD00815,14-07-2025,18-07-2025,Kristina Tyler,Home Office,Chennai,Furniture,Need Grocery,6429.83,10,0.39,1323.25
816,ORD00816,16-10-2024,18-10-2024,Gina Dunn,Corporate,Mumbai,Electronics,When Grocery,2286.6,10,0.17,-20.71
817,ORD00817,27-04-2026,01-05-2026,Roger Lewis,Home Office,Bangalore,Fashion,Floor Grocery,3879.19,1,0.29,356.51
818,ORD00818,18-06-2025,22-06-2025,Molly Johnson,Corporate,Delhi,Electronics,Decision Beauty,7339.81,3,0.01,940.36
819,ORD00819,17-08-2025,21-08-2025,Kristen Hanson,Consumer,Bangalore,Grocery,Entire Electronics,2212.08,1,0.01,57.7
820,ORD00820,08-09-2025,10-09-2025,Jane Snyder,Home Office,Bangalore,Electronics,Time Electronics,4046.23,4,0.34,825.51
821,ORD00821,07-05-2024,10-05-2024,Chris Armstrong,Home Office,Hyderabad,Beauty,Line Grocery,6443.87,7,0.45,2.47
822,ORD00822,25-05-2024,28-05-2024,Richard Luna,Corporate,Mumbai,Beauty,Scene Furniture,8417.07,5,0.16,-1038.1
823,ORD00823,20-05-2024,21-05-2024,Joel Cole,Corporate,Delhi,Fashion,Pull Electronics,4485.65,1,0.04,704.96
824,ORD00824,06-01-2025,08-01-2025,Bobby Bowman,Home Office,Hyderabad,Beauty,Fund Fashion,2371.24,4,0.13,143.09
825,ORD00825,24-09-2025,25-09-2025,Alexis Oliver,Home Office,Chennai,Fashion,Them Electronics,1855.84,5,0.27,-129.62
826,ORD00826,17-06-2024,21-06-2024,Jaclyn Smith,Home Office,Bangalore,Furniture,Country Fashion,9530.26,3,0.38,284.65
827,ORD00827,28-09-2025,05-10-2025,Jessica Moore,Corporate,Bangalore,Electronics,Money Fashion,7894.83,9,0.4,795.88
828,ORD00828,08-07-2025,15-07-2025,Timothy Jimenez,Home Office,Pune,Furniture,Likely Furniture,149.11,7,0.23,30.38
829,ORD00829,21-04-2025,27-04-2025,Alyssa Sweeney,Corporate,Bangalore,Furniture,Man Furniture,2426.29,8,0.2,-481.62
830,ORD00830,01-01-2025,07-01-2025,Sara Scott,Home Office,Pune,Fashion,Yeah Beauty,257.38,9,0.06,44.67
831,ORD00831,02-06-2025,07-06-2025,Joseph Figueroa,Corporate,Pune,Electronics,Public Furniture,5723.26,1,0.17,1913.63
832,ORD00832,22-08-2024,23-08-2024,Christopher Smith,Home Office,Delhi,Furniture,Involve Beauty,1753.96,2,0.37,193.49
833,ORD00833,23-04-2025,24-04-2025,Kristin Harrell,Home Office,Pune,Fashion,Right Electronics,1646.04,8,0.44,287.82
834,ORD00834,26-11-2024,27-11-2024,Jared Mccann,Corporate,Mumbai,Grocery,Protect Grocery,5556.55,3,0.16,-790.16
835,ORD00835,10-03-2026,14-03-2026,Christopher Smith,Corporate,Pune,Grocery,Stock Fashion,5199.03,6,0.46,-972.09
836,ORD00836,23-09-2025,25-09-2025,Craig Logan,Consumer,Mumbai,Electronics,It Electronics,994.17,6,0.19,-0.09
837,ORD00837,11-08-2024,13-08-2024,Robert Huber,Corporate,Chennai,Grocery,Care Grocery,9392.84,8,0.17,195.36
838,ORD00838,31-01-2026,01-02-2026,Angela Mcpherson,Home Office,Pune,Grocery,Tough Electronics,4685.16,3,0.38,589.83
839,ORD00839,07-12-2024,14-12-2024,Yvonne Zimmerman,Consumer,Mumbai,Electronics,Set Fashion,3915.16,10,0.48,-213.17
840,ORD00840,05-10-2024,10-10-2024,Charles Thomas,Home Office,Pune,Electronics,Effect Beauty,4745.71,8,0.06,1193.34
841,ORD00841,13-09-2025,20-09-2025,Patricia Frazier,Home Office,Chennai,Electronics,Day Grocery,6175.95,9,0.08,309.95
842,ORD00842,26-10-2024,30-10-2024,Benjamin Larsen,Consumer,Pune,Furniture,Response Furniture,6905.67,1,0.18,1739.31
843,ORD00843,01-09-2024,05-09-2024,James Lloyd,Corporate,Mumbai,Beauty,Establish Electronics,533.5,6,0.49,-82.95
844,ORD00844,22-10-2024,24-10-2024,Mark Lopez,Consumer,Delhi,Furniture,Eye Fashion,8682.77,4,0.06,223.88
845,ORD00845,23-02-2026,27-02-2026,Douglas Leon,Consumer,Hyderabad,Grocery,Happen Fashion,5893.94,6,0.33,-22.31
846,ORD00846,08-02-2025,09-02-2025,Kevin Johnson,Corporate,Mumbai,Furniture,Wonder Beauty,1495.74,2,0.08,149.35
847,ORD00847,27-12-2024,30-12-2024,James Perez,Corporate,Chennai,Beauty,Memory Fashion,3666.97,4,0.03,-621.74
848,ORD00848,10-06-2024,11-06-2024,Alyssa Fischer,Consumer,Mumbai,Fashion,Over Grocery,2585.18,7,0.35,414.93
849,ORD00849,15-01-2026,21-01-2026,Debra Reyes,Consumer,Pune,Electronics,Market Furniture,1268.99,2,0.34,-240.81
850,ORD00850,16-09-2024,17-09-2024,Tammy Boone,Home Office,Hyderabad,Furniture,Just Furniture,1617.47,8,0.13,166.11
851,ORD00851,14-05-2025,18-05-2025,Jeffrey Thornton MD,Consumer,Chennai,Fashion,Method Beauty,9435.29,4,0.18,-654.26
852,ORD00852,17-10-2024,19-10-2024,Gina Nguyen,Home Office,Delhi,Furniture,Describe Beauty,805.9,3,0.15,275.87
853,ORD00853,06-11-2024,07-11-2024,Sharon Morales,Corporate,Hyderabad,Furniture,World Furniture,8345.55,4,0.37,2156.27
854,ORD00854,23-10-2024,27-10-2024,Erika Mcdonald,Corporate,Pune,Grocery,Red Furniture,3502.21,3,0.17,689.55
855,ORD00855,26-05-2024,27-05-2024,Brittany Maynard,Home Office,Hyderabad,Fashion,Crime Beauty,8299.34,6,0.31,-381.23
856,ORD00856,08-05-2025,11-05-2025,Joshua Payne,Home Office,Pune,Grocery,Industry Fashion,657.48,5,0.13,-46.45
857,ORD00857,14-06-2024,20-06-2024,Alexander Foster,Home Office,Bangalore,Electronics,Rock Electronics,8080.95,6,0.07,218.1
858,ORD00858,20-05-2024,22-05-2024,Laura Roberts,Corporate,Bangalore,Furniture,Soldier Electronics,2693.22,2,0.38,513.86
859,ORD00859,03-08-2025,09-08-2025,David Davis,Home Office,Pune,Electronics,Scientist Electronics,7567.29,6,0.36,318.84
860,ORD00860,11-11-2024,14-11-2024,Joel Berry,Home Office,Chennai,Beauty,Affect Electronics,6417.43,8,0.32,-935.82
861,ORD00861,13-05-2024,18-05-2024,John Hunt,Consumer,Mumbai,Electronics,Movie Grocery,9438.22,3,0.15,1376.72
862,ORD00862,16-05-2024,20-05-2024,James Moreno,Corporate,Chennai,Fashion,Manager Electronics,8022.9,8,0.34,1662.48
863,ORD00863,13-04-2025,16-04-2025,Patrick Gardner,Home Office,Pune,Furniture,Certainly Fashion,1872.77,10,0.32,79.36
864,ORD00864,09-09-2025,13-09-2025,Joseph Maddox,Consumer,Mumbai,Fashion,Likely Beauty,9991.89,5,0.06,2719.02
865,ORD00865,12-08-2025,15-08-2025,Deanna Hodges,Consumer,Mumbai,Grocery,May Furniture,5250.19,2,0.11,-623.57
866,ORD00866,13-02-2026,19-02-2026,Sarah Rodriguez,Consumer,Delhi,Fashion,Or Electronics,4888.53,6,0.07,-930.81
867,ORD00867,12-02-2025,14-02-2025,Rebecca Ballard,Home Office,Chennai,Electronics,Green Beauty,1824.95,5,0.45,-32.36
868,ORD00868,18-11-2025,19-11-2025,Rachel Patrick,Consumer,Pune,Fashion,About Furniture,7934.62,6,0.43,-953.58
869,ORD00869,19-11-2024,22-11-2024,Crystal Holland,Home Office,Hyderabad,Grocery,Plant Furniture,2903.09,9,0.49,574.03
870,ORD00870,03-07-2025,06-07-2025,Johnny Miller,Corporate,Chennai,Grocery,Foot Fashion,2773.86,9,0.2,694.5
871,ORD00871,11-11-2024,15-11-2024,Ashley Roth,Consumer,Pune,Furniture,Because Furniture,6032.93,1,0.27,2003.32
872,ORD00872,17-10-2024,19-10-2024,Mary King,Corporate,Mumbai,Furniture,Conference Fashion,5006.82,5,0.08,702.98
873,ORD00873,17-05-2025,18-05-2025,Nathan Coleman,Home Office,Delhi,Fashion,Anything Electronics,8739.55,8,0.26,523.81
874,ORD00874,27-06-2024,30-06-2024,John Galloway,Consumer,Bangalore,Fashion,Because Beauty,788.88,8,0.07,29.9
875,ORD00875,19-07-2025,21-07-2025,Eric Scott,Consumer,Pune,Furniture,Piece Beauty,6403.82,3,0.28,1445.73
876,ORD00876,12-12-2024,14-12-2024,Christopher Mccarthy,Corporate,Pune,Electronics,Hear Furniture,2453.44,5,0.46,-6.61
877,ORD00877,21-12-2024,24-12-2024,Cynthia Hansen,Home Office,Bangalore,Furniture,Approach Electronics,5713.22,3,0.48,198.99
878,ORD00878,02-12-2024,09-12-2024,Alexandra Gaines,Home Office,Hyderabad,Beauty,Own Furniture,7889.99,9,0.48,703.31
879,ORD00879,05-06-2024,10-06-2024,Brian Jones,Home Office,Delhi,Electronics,Whom Beauty,2618.3,3,0.07,-306.8
880,ORD00880,22-05-2024,24-05-2024,Jeffrey Wiggins,Home Office,Mumbai,Furniture,Seat Furniture,7772.36,9,0.26,2328
881,ORD00881,31-07-2024,06-08-2024,Gary Saunders,Corporate,Delhi,Grocery,Worker Beauty,121.58,10,0.02,28.31
882,ORD00882,12-11-2024,18-11-2024,David Armstrong,Corporate,Chennai,Fashion,Factor Fashion,6446.98,6,0,2019.7
883,ORD00883,18-02-2025,20-02-2025,Jeremy Rodriguez,Consumer,Chennai,Electronics,Third Electronics,2085.35,8,0.43,-305.52
884,ORD00884,01-05-2025,07-05-2025,Joseph Stevens,Home Office,Pune,Fashion,Detail Furniture,3575.05,4,0.08,875.81
885,ORD00885,09-07-2024,11-07-2024,Mr. James Johnson,Consumer,Pune,Beauty,Rest Electronics,6887.75,8,0.16,1733.25
886,ORD00886,04-08-2025,07-08-2025,Kelly Lawson,Corporate,Delhi,Electronics,Approach Electronics,637.04,4,0.26,-50.16
887,ORD00887,04-02-2026,10-02-2026,Victoria Larson,Corporate,Mumbai,Fashion,Have Furniture,1461.79,1,0.31,-14.95
888,ORD00888,26-10-2025,31-10-2025,Cheryl Thomas,Home Office,Mumbai,Fashion,Live Beauty,9929.72,8,0.49,-1420.75
889,ORD00889,12-11-2025,13-11-2025,Belinda Johnson,Corporate,Mumbai,Furniture,Seek Furniture,2014.15,7,0.06,-389.47
890,ORD00890,16-08-2024,18-08-2024,John Mcneil,Home Office,Pune,Beauty,Assume Beauty,3477.09,9,0.41,752.54
891,ORD00891,23-10-2025,30-10-2025,Maurice Scott,Home Office,Pune,Furniture,Quality Fashion,1168.05,7,0.24,186.95
892,ORD00892,18-02-2025,21-02-2025,Donald Myers,Consumer,Pune,Fashion,Business Beauty,8643.33,2,0.43,1798.22
893,ORD00893,13-02-2025,15-02-2025,Stephen Molina,Consumer,Hyderabad,Fashion,Subject Electronics,1291.72,7,0.01,172.63
894,ORD00894,17-12-2024,19-12-2024,Matthew Pitts,Home Office,Pune,Fashion,Practice Electronics,779.4,3,0.45,130.86
895,ORD00895,09-08-2025,11-08-2025,Melissa Carson,Consumer,Bangalore,Electronics,Require Fashion,4276.55,7,0.41,-234.29
896,ORD00896,22-02-2025,25-02-2025,Ashley Morrow,Home Office,Mumbai,Beauty,Analysis Electronics,9521.11,9,0.33,-935.33
897,ORD00897,20-10-2025,24-10-2025,Monica Moore,Consumer,Mumbai,Grocery,Rich Grocery,7217.78,2,0.15,890.71
898,ORD00898,04-05-2025,08-05-2025,Jacob Hensley,Corporate,Chennai,Grocery,Pm Fashion,9766.61,5,0.03,-1770.03
899,ORD00899,02-01-2026,08-01-2026,Kathryn Acevedo,Home Office,Mumbai,Beauty,Medical Furniture,3618.46,2,0.24,-138.48
900,ORD00900,30-05-2025,31-05-2025,Brenda Palmer,Home Office,Chennai,Furniture,Provide Grocery,7265.21,5,0.09,699.75
901,ORD00901,20-07-2024,25-07-2024,Leslie Green,Corporate,Pune,Fashion,Store Furniture,6440.95,6,0.2,1509.9
902,ORD00902,18-11-2024,20-11-2024,Crystal Davis,Home Office,Chennai,Grocery,Woman Grocery,348.84,7,0.38,-52.22
903,ORD00903,01-11-2024,03-11-2024,Mike Johnson,Home Office,Bangalore,Electronics,Benefit Furniture,9159.86,3,0.34,-731.51
904,ORD00904,01-07-2025,02-07-2025,Joanne Duncan,Corporate,Bangalore,Furniture,Choose Furniture,5839.96,7,0.11,-581.61
905,ORD00905,08-11-2025,13-11-2025,Richard Roberts,Corporate,Bangalore,Beauty,Continue Fashion,568.52,3,0.05,124.94
906,ORD00906,30-09-2024,05-10-2024,Michael Chen,Corporate,Chennai,Furniture,Business Grocery,270.17,8,0.47,25.9
907,ORD00907,14-04-2026,17-04-2026,Bradley Hubbard,Corporate,Pune,Grocery,Same Fashion,204.54,2,0.38,-2.72
908,ORD00908,01-10-2025,03-10-2025,Johnny Perez,Home Office,Hyderabad,Furniture,How Beauty,6171.7,4,0.28,1825.21
909,ORD00909,11-05-2024,14-05-2024,Stephanie Hart,Consumer,Hyderabad,Electronics,Stop Grocery,6826.38,2,0.15,772.17
910,ORD00910,07-11-2024,14-11-2024,Kathleen Case,Corporate,Hyderabad,Grocery,Product Furniture,5256.35,8,0.44,1650.42
911,ORD00911,24-04-2026,25-04-2026,Debra Murphy,Corporate,Pune,Fashion,Old Beauty,6900.38,7,0.34,-1016.69
912,ORD00912,20-04-2026,23-04-2026,John Cline,Home Office,Mumbai,Electronics,Into Beauty,2133.48,4,0.35,154.94
913,ORD00913,20-10-2024,27-10-2024,Amanda Hall,Corporate,Chennai,Furniture,Each Beauty,547.18,3,0.44,62.25
914,ORD00914,23-06-2024,26-06-2024,Lauren Riley,Home Office,Mumbai,Beauty,Particular Beauty,2423.11,1,0.19,-150.18
915,ORD00915,15-02-2025,22-02-2025,Crystal Anderson,Corporate,Hyderabad,Electronics,Owner Beauty,6641.53,8,0.13,926.59
916,ORD00916,28-03-2025,03-04-2025,Elizabeth Fletcher,Consumer,Pune,Furniture,Best Grocery,2719.2,5,0.43,-441.86
917,ORD00917,21-05-2024,26-05-2024,Donald Roberts,Home Office,Bangalore,Fashion,Focus Fashion,2047.72,3,0.06,492.26
918,ORD00918,15-11-2024,17-11-2024,Alicia Sweeney,Consumer,Delhi,Grocery,Certainly Furniture,3609.29,8,0.45,-64.62
919,ORD00919,14-01-2025,16-01-2025,Julie Terrell,Corporate,Delhi,Electronics,Few Furniture,9128.55,7,0.16,2746.54
920,ORD00920,22-07-2025,23-07-2025,Jamie Franco,Consumer,Bangalore,Grocery,Soon Electronics,8997.88,2,0.21,110.57
921,ORD00921,19-12-2024,23-12-2024,Anna Daniel,Home Office,Chennai,Grocery,Career Fashion,6004.77,4,0.18,348.53
922,ORD00922,14-05-2024,18-05-2024,Isabella Bowman MD,Home Office,Delhi,Furniture,Might Furniture,7264.58,1,0.27,188.11
923,ORD00923,02-11-2025,05-11-2025,Teresa Vasquez,Home Office,Chennai,Fashion,Hope Grocery,1963.24,3,0.3,-265.99
924,ORD00924,06-06-2025,10-06-2025,Melinda Phillips,Consumer,Bangalore,Grocery,Cut Fashion,4976.62,8,0.04,1211.63
925,ORD00925,11-08-2024,18-08-2024,Harry Mccall,Home Office,Delhi,Furniture,Rate Furniture,665.94,4,0.07,-82.11
926,ORD00926,16-01-2025,19-01-2025,Stephanie Kim,Home Office,Mumbai,Fashion,Notice Furniture,6675.37,4,0.44,-644.78
927,ORD00927,13-02-2025,17-02-2025,David Lewis,Home Office,Delhi,Fashion,On Furniture,5148.99,10,0.07,-565.87
928,ORD00928,16-11-2024,18-11-2024,Charles Fisher,Home Office,Delhi,Electronics,Performance Fashion,1258.09,6,0.06,349.65
929,ORD00929,01-06-2024,05-06-2024,Alan Willis,Corporate,Bangalore,Grocery,Worry Grocery,873.57,10,0.43,267.26
930,ORD00930,29-09-2024,05-10-2024,Jennifer Wilson,Consumer,Delhi,Beauty,Foot Furniture,852.18,10,0.44,81.42
931,ORD00931,15-02-2025,22-02-2025,Mr. Kenneth Walters,Consumer,Hyderabad,Beauty,Race Electronics,9757.6,9,0.42,1380.76
932,ORD00932,31-12-2025,04-01-2026,Mark Wong,Home Office,Bangalore,Furniture,Congress Beauty,9503.36,8,0.11,1103.14
933,ORD00933,31-03-2026,04-04-2026,Daniel Cohen,Corporate,Bangalore,Grocery,Son Beauty,2684.09,4,0.42,560.74
934,ORD00934,21-09-2024,28-09-2024,Anita Johnson,Consumer,Delhi,Grocery,Others Grocery,9115.98,3,0.42,2982.57
935,ORD00935,15-09-2024,22-09-2024,Aaron Hurley,Home Office,Chennai,Furniture,Second Beauty,9042.43,2,0.41,104.14
936,ORD00936,29-08-2024,04-09-2024,Teresa Koch,Consumer,Pune,Furniture,Responsibility Grocery,7572.94,10,0.05,-92.97
937,ORD00937,19-06-2025,20-06-2025,Mark Flores,Home Office,Hyderabad,Grocery,Hair Electronics,3895.59,4,0.12,-384.01
938,ORD00938,13-09-2025,15-09-2025,Allison Mcdaniel,Home Office,Pune,Electronics,Loss Fashion,8408.11,5,0.04,432.74
939,ORD00939,01-01-2025,04-01-2025,Olivia Smith,Home Office,Pune,Fashion,Thought Beauty,3458.32,3,0.2,-348.26
940,ORD00940,01-11-2025,02-11-2025,Heather Norton,Corporate,Hyderabad,Electronics,Blood Fashion,1865.79,7,0.15,38.13
941,ORD00941,11-12-2024,14-12-2024,Christopher Johnson,Consumer,Delhi,Fashion,Upon Furniture,2551.4,7,0.29,-210.55
942,ORD00942,25-03-2025,28-03-2025,Bonnie Santos,Corporate,Bangalore,Electronics,East Furniture,6347.15,5,0.35,1272.05
943,ORD00943,27-06-2025,28-06-2025,Sandra Guzman,Home Office,Mumbai,Furniture,Beyond Furniture,2124.19,1,0.04,-47.14
944,ORD00944,21-05-2024,27-05-2024,Isaiah Hall,Corporate,Pune,Furniture,Move Furniture,1332.57,4,0.21,-56.51
945,ORD00945,13-03-2025,20-03-2025,April Mills,Corporate,Hyderabad,Fashion,Big Beauty,8570.68,6,0.15,-1304.93
946,ORD00946,14-10-2024,19-10-2024,David Fitzpatrick,Home Office,Chennai,Furniture,Improve Furniture,953.05,9,0.48,-149.66
947,ORD00947,16-06-2024,23-06-2024,Christina Nelson,Home Office,Hyderabad,Furniture,Condition Electronics,4059.85,2,0.28,-517.81
948,ORD00948,27-12-2025,01-01-2026,Maria Sullivan,Corporate,Mumbai,Electronics,Gun Electronics,7436.25,8,0.5,966
949,ORD00949,09-01-2025,11-01-2025,Cynthia Edwards,Consumer,Hyderabad,Furniture,Then Grocery,9337.02,10,0.12,2452.8
950,ORD00950,19-03-2026,23-03-2026,Brian Marks,Home Office,Delhi,Electronics,Peace Beauty,9618.76,3,0.44,970.17
951,ORD00951,10-02-2025,14-02-2025,Tracey Williamson,Corporate,Chennai,Electronics,Sister Electronics,1574.14,5,0.34,-6.33
952,ORD00952,19-03-2025,22-03-2025,Gabriel Burton,Corporate,Delhi,Beauty,Per Fashion,9383.92,1,0.11,182.23
953,ORD00953,27-02-2025,04-03-2025,James Moreno,Consumer,Mumbai,Fashion,Add Grocery,1287.34,2,0.03,8.95
954,ORD00954,08-03-2025,10-03-2025,Sophia Wright,Home Office,Mumbai,Electronics,Hand Electronics,256.51,6,0.29,52.9
955,ORD00955,01-12-2024,08-12-2024,Lisa Dillon,Home Office,Pune,Grocery,Test Grocery,795.15,5,0.28,130.72
956,ORD00956,24-10-2024,27-10-2024,Dr. Alison Sherman MD,Home Office,Pune,Beauty,Test Beauty,2730.08,7,0.27,53.45
957,ORD00957,11-06-2025,14-06-2025,Aaron Mitchell,Corporate,Delhi,Furniture,Attack Fashion,7994.39,8,0.14,696.22
958,ORD00958,11-02-2025,17-02-2025,Joel Jacobs,Corporate,Hyderabad,Grocery,Quickly Electronics,1189.65,3,0.02,-229.45
959,ORD00959,27-02-2025,05-03-2025,Joseph Summers,Home Office,Hyderabad,Grocery,Sell Furniture,2516.57,6,0.46,-231.12
960,ORD00960,09-10-2025,13-10-2025,Steven Hodges,Corporate,Chennai,Furniture,Win Grocery,9855.02,9,0.23,-93.83
961,ORD00961,11-05-2024,12-05-2024,Laura Mccann,Consumer,Pune,Electronics,Gas Furniture,2498.12,5,0.35,17.06
962,ORD00962,19-07-2025,21-07-2025,Jennifer Gay,Corporate,Delhi,Furniture,Position Electronics,6093.24,8,0.26,1364.79
963,ORD00963,04-09-2025,11-09-2025,Linda Boyer,Home Office,Delhi,Fashion,Picture Beauty,3850,10,0.13,372.74
964,ORD00964,13-07-2024,20-07-2024,Jerry Dickerson,Consumer,Chennai,Fashion,Person Grocery,8888.82,6,0.18,-1454.51
965,ORD00965,20-03-2025,25-03-2025,Jeremy Christensen,Corporate,Hyderabad,Electronics,Close Fashion,7789.55,10,0.28,1925.48
966,ORD00966,13-12-2025,19-12-2025,Thomas Smith,Home Office,Hyderabad,Fashion,Be Grocery,5719.02,3,0.05,533.17
967,ORD00967,14-03-2025,18-03-2025,Kenneth Lambert,Corporate,Mumbai,Grocery,Person Grocery,8599.67,9,0.11,-1542.23
968,ORD00968,09-09-2024,10-09-2024,Samuel Mullins,Consumer,Delhi,Electronics,Major Electronics,4051.83,5,0.02,-777.5
969,ORD00969,04-03-2025,08-03-2025,Sara Massey,Consumer,Pune,Grocery,Step Furniture,9737.37,4,0.23,1967.15
970,ORD00970,12-06-2025,13-06-2025,Brandon Morgan,Consumer,Pune,Fashion,Dream Furniture,1365.23,2,0.05,-233.59
971,ORD00971,21-04-2025,23-04-2025,Christina Gonzales,Corporate,Bangalore,Furniture,Create Furniture,6923.04,2,0.25,1866.83
972,ORD00972,02-07-2024,09-07-2024,Linda Patel MD,Corporate,Bangalore,Furniture,What Furniture,545.91,4,0.2,18.86
973,ORD00973,03-12-2025,07-12-2025,Jamie Johnson,Consumer,Chennai,Furniture,Hot Fashion,2311.92,5,0.43,174.18
974,ORD00974,29-04-2025,03-05-2025,Linda Johns,Home Office,Hyderabad,Grocery,Up Beauty,9720.26,9,0.2,1029.04
975,ORD00975,07-01-2026,11-01-2026,Sheila Walter,Consumer,Delhi,Grocery,Amount Fashion,6545.85,1,0.16,478.51
976,ORD00976,30-09-2025,06-10-2025,Natalie Taylor,Home Office,Bangalore,Fashion,Concern Electronics,4996.44,1,0.46,696.5
977,ORD00977,06-09-2025,10-09-2025,David Raymond,Home Office,Delhi,Electronics,Process Beauty,9810.5,3,0.17,-1284.47
978,ORD00978,24-05-2024,30-05-2024,Donald Levy,Corporate,Bangalore,Furniture,Affect Furniture,208.72,2,0.34,39.49
979,ORD00979,23-06-2025,27-06-2025,Christopher Warren,Corporate,Delhi,Beauty,Summer Beauty,2379.79,6,0.01,-78.13
980,ORD00980,10-09-2024,13-09-2024,Leah Orr,Home Office,Chennai,Beauty,Arrive Fashion,4114.1,2,0.31,1287.96
981,ORD00981,15-03-2026,22-03-2026,Jeffrey Pacheco,Consumer,Mumbai,Grocery,Help Furniture,6866.99,8,0.42,-571.02
982,ORD00982,10-05-2024,16-05-2024,Allen Wyatt,Corporate,Delhi,Fashion,Within Furniture,820.39,1,0.2,-70.3
983,ORD00983,29-09-2024,05-10-2024,Nicholas Campbell,Home Office,Bangalore,Fashion,Maintain Grocery,3254.79,3,0.42,860.58
984,ORD00984,25-08-2024,27-08-2024,Megan Guerra,Corporate,Bangalore,Beauty,Image Electronics,8624.77,1,0.03,2752.68
985,ORD00985,28-11-2024,02-12-2024,Mrs. Shelley Martin DVM,Consumer,Delhi,Fashion,Wife Grocery,4894.89,5,0.13,595.86
986,ORD00986,26-04-2025,30-04-2025,Daniel Smith,Corporate,Pune,Grocery,Each Fashion,2336.91,6,0.27,-457.09
987,ORD00987,08-02-2025,09-02-2025,Judith Spence,Corporate,Delhi,Fashion,Feeling Electronics,2156.92,5,0.43,498.34
988,ORD00988,15-01-2025,18-01-2025,Phyllis Osborn,Home Office,Delhi,Fashion,Thank Grocery,3128.28,4,0.09,1033.28
989,ORD00989,10-12-2024,11-12-2024,Carolyn Sanders,Consumer,Delhi,Fashion,Process Grocery,2597.33,6,0.08,415.69
990,ORD00990,31-10-2024,04-11-2024,Sabrina Garrett,Consumer,Delhi,Electronics,State Beauty,7067.95,9,0.18,811.35
991,ORD00991,22-09-2024,23-09-2024,Amanda Jimenez,Home Office,Delhi,Beauty,Tv Electronics,5664.01,6,0.2,1791.88
992,ORD00992,27-05-2024,30-05-2024,Wayne Barry,Home Office,Pune,Furniture,Teach Fashion,3891.86,5,0.5,191.69
993,ORD00993,04-05-2026,11-05-2026,Kevin Ruiz,Corporate,Chennai,Beauty,Across Electronics,1429.77,8,0.01,-257.5
994,ORD00994,21-12-2024,25-12-2024,Nathan Jackson,Consumer,Mumbai,Beauty,Tv Beauty,9120.73,5,0.28,1033.22
995,ORD00995,27-08-2025,30-08-2025,Mark Wise,Corporate,Pune,Beauty,Upon Grocery,6863.5,5,0.27,-1259.97
996,ORD00996,20-11-2024,25-11-2024,Michael Moore,Corporate,Hyderabad,Beauty,A Grocery,7146.52,3,0.12,-1315.73
997,ORD00997,03-10-2025,08-10-2025,Stephanie Martinez,Consumer,Mumbai,Fashion,Decision Electronics,3531.3,6,0.37,823.71
998,ORD00998,16-06-2024,21-06-2024,Hailey Snow,Corporate,Hyderabad,Grocery,That Electronics,5054.76,5,0.13,1402.23
999,ORD00999,28-07-2024,29-07-2024,Thomas Ortega,Home Office,Bangalore,Beauty,Build Fashion,6761.36,2,0.15,1281.15
1000,ORD01000,27-11-2024,01-12-2024,James Wong,Consumer,Bangalore,Electronics,Pull Grocery,3920.26,7,0.3,1006.66
